{
  "type": "FeatureCollection",
  "name": "laguna_province",
  "crs": {
    "type": "name",
    "properties": { "name": "urn:ogc:def:crs:OGC:1.3:CRS84" }
  },
  "features": [
    {
      "type": "Feature",
      "properties": {
        "osm_relation_id": 1503483,
        "name": "Laguna",
        "admin_level": "4",
        "psgc_ref": "0403400000",
        "population": "3382193",
        "population_date": "2020-05-01",
        "official_name": "Province of Laguna",
        "wikidata": "Q13840"
      },
      "geometry": {
        "type": "Polygon",
        "coordinates": [
          [
            [121.0198916, 14.1667946],
            [121.0178876, 14.16693],
            [121.0179689, 14.1675738],
            [121.0179689, 14.1689665],
            [121.0176166, 14.169492],
            [121.017332, 14.1697679],
            [121.0172778, 14.1704774],
            [121.017454, 14.1715022],
            [121.017603, 14.1723825],
            [121.0180502, 14.1735912],
            [121.0187006, 14.1747342],
            [121.0190259, 14.1764028],
            [121.0195001, 14.1770729],
            [121.0203674, 14.177756],
            [121.0209365, 14.1784524],
            [121.0215483, 14.17869],
            [121.0230064, 14.1798439],
            [121.0234173, 14.1804565],
            [121.023523, 14.1808104],
            [121.0236071, 14.1811927],
            [121.0235194, 14.1817058],
            [121.0232371, 14.1824554],
            [121.0232494, 14.1831217],
            [121.0234089, 14.1835501],
            [121.0237035, 14.1840498],
            [121.024133, 14.1845496],
            [121.0245135, 14.1850969],
            [121.0248196, 14.1860458],
            [121.0253259, 14.1866025],
            [121.0256907, 14.1869874],
            [121.0263881, 14.1873722],
            [121.026785, 14.1877883],
            [121.0270211, 14.1883604],
            [121.0273578, 14.1890741],
            [121.0277953, 14.1898874],
            [121.028083, 14.1904221],
            [121.0283515, 14.1907943],
            [121.0286304, 14.1910232],
            [121.0287419, 14.1911897],
            [121.0289391, 14.1914808],
            [121.0292803, 14.1916369],
            [121.0296604, 14.1918657],
            [121.0297338, 14.1921131],
            [121.0298411, 14.1924106],
            [121.0299054, 14.1928392],
            [121.0300039, 14.1932907],
            [121.030034, 14.1935715],
            [121.0300788, 14.193894],
            [121.0301968, 14.1943724],
            [121.0304328, 14.1947469],
            [121.0305294, 14.1950797],
            [121.0303792, 14.1952877],
            [121.0301432, 14.1955166],
            [121.0297355, 14.1960366],
            [121.029596, 14.1964319],
            [121.0296818, 14.1969207],
            [121.029832, 14.1972223],
            [121.0302612, 14.197576],
            [121.030465, 14.1975968],
            [121.0308298, 14.1975032],
            [121.031066, 14.1975025],
            [121.0311426, 14.1975508],
            [121.0312122, 14.1977662],
            [121.0311513, 14.198109],
            [121.030936, 14.198823],
            [121.0310404, 14.1991408],
            [121.0315161, 14.1997621],
            [121.0315862, 14.2001477],
            [121.031428, 14.2005084],
            [121.0313034, 14.2007364],
            [121.0312375, 14.2009251],
            [121.0312053, 14.2010707],
            [121.0312482, 14.2011852],
            [121.031495, 14.2013724],
            [121.0317525, 14.2014556],
            [121.0322031, 14.2014868],
            [121.0324928, 14.2015908],
            [121.0326001, 14.2018924],
            [121.0325893, 14.2021316],
            [121.0324177, 14.2023501],
            [121.032128, 14.2025789],
            [121.0316774, 14.2026309],
            [121.0313663, 14.2026933],
            [121.0313233, 14.2028285],
            [121.0313877, 14.2030469],
            [121.0316023, 14.2032653],
            [121.0319671, 14.2036294],
            [121.0325679, 14.2042014],
            [121.0327825, 14.2045238],
            [121.0327717, 14.2048879],
            [121.0328361, 14.2052831],
            [121.0330507, 14.2055119],
            [121.033276, 14.2055535],
            [121.0335228, 14.2054911],
            [121.0341021, 14.2051999],
            [121.0344454, 14.2048879],
            [121.0348102, 14.2047527],
            [121.0351643, 14.2049295],
            [121.0354861, 14.2052103],
            [121.0359582, 14.2058031],
            [121.0362371, 14.2061464],
            [121.0365161, 14.2062192],
            [121.0368809, 14.2061776],
            [121.0371706, 14.2062192],
            [121.0377821, 14.2063544],
            [121.0382434, 14.2064688],
            [121.038576, 14.206708],
            [121.0386833, 14.207124],
            [121.0386603, 14.2076435],
            [121.0386246, 14.2078885],
            [121.0385119, 14.2081693],
            [121.0385066, 14.2085281],
            [121.0386192, 14.2088609],
            [121.0387029, 14.209252],
            [121.0387083, 14.2095734],
            [121.0385709, 14.2099946],
            [121.0383242, 14.2101922],
            [121.0379755, 14.2102962],
            [121.0375892, 14.2103222],
            [121.0374198, 14.2103514],
            [121.0373479, 14.2103638],
            [121.0372781, 14.2104886],
            [121.0373425, 14.2106394],
            [121.0374605, 14.2107954],
            [121.0376804, 14.210967],
            [121.0379111, 14.2110555],
            [121.0383188, 14.2111335],
            [121.0386675, 14.2111845],
            [121.039042, 14.2113706],
            [121.0393788, 14.2117502],
            [121.0396307, 14.2120721],
            [121.039912, 14.2122307],
            [121.0402919, 14.2124293],
            [121.0407672, 14.2126457],
            [121.0411674, 14.2128547],
            [121.041468, 14.2130716],
            [121.0416491, 14.2132801],
            [121.0417531, 14.2135672],
            [121.0418615, 14.2140456],
            [121.0419462, 14.2143056],
            [121.0420793, 14.2144221],
            [121.042266, 14.2144408],
            [121.0424417, 14.2143175],
            [121.042561, 14.214159],
            [121.0426779, 14.2138667],
            [121.0428421, 14.2137055],
            [121.0430127, 14.2135755],
            [121.0432304, 14.2135784],
            [121.0436716, 14.2137557],
            [121.0443647, 14.2140719],
            [121.0447509, 14.2143631],
            [121.0449655, 14.2145191],
            [121.045046, 14.2147635],
            [121.0448689, 14.2150131],
            [121.0446276, 14.2153252],
            [121.0445471, 14.2155644],
            [121.0446168, 14.215658],
            [121.0447778, 14.2156788],
            [121.0450138, 14.2156892],
            [121.0452606, 14.2156892],
            [121.0456736, 14.2156632],
            [121.0460304, 14.2156605],
            [121.0463362, 14.2157112],
            [121.0465438, 14.2158637],
            [121.0467784, 14.2161493],
            [121.0469392, 14.2164679],
            [121.0471644, 14.2169878],
            [121.0472765, 14.2171482],
            [121.0473805, 14.2172733],
            [121.0474532, 14.2172476],
            [121.0475018, 14.2171771],
            [121.047606, 14.2171252],
            [121.0477186, 14.2170543],
            [121.0477528, 14.21696],
            [121.0478087, 14.2168371],
            [121.0479298, 14.2167209],
            [121.0480106, 14.216643],
            [121.048143, 14.216615],
            [121.0482967, 14.2166329],
            [121.0485259, 14.2165809],
            [121.0486687, 14.2165539],
            [121.0488105, 14.2166388],
            [121.048939, 14.2167065],
            [121.04906, 14.2167369],
            [121.0491884, 14.2167163],
            [121.0493085, 14.2166849],
            [121.0494767, 14.2166304],
            [121.049599, 14.2165158],
            [121.0497557, 14.2164744],
            [121.0500106, 14.2164931],
            [121.0501479, 14.2165751],
            [121.0503076, 14.2166972],
            [121.050297, 14.2168591],
            [121.0503238, 14.2169919],
            [121.0504092, 14.2171385],
            [121.050517, 14.2171987],
            [121.0504983, 14.2172496],
            [121.0501929, 14.2181316],
            [121.0483753, 14.223515],
            [121.0480683, 14.2244497],
            [121.0480654, 14.2245669],
            [121.0481125, 14.2246556],
            [121.0473021, 14.2268933],
            [121.0472708, 14.2269599],
            [121.0472431, 14.2270242],
            [121.047196, 14.2270906],
            [121.047038, 14.2277615],
            [121.0466175, 14.228372],
            [121.0467301, 14.2288608],
            [121.0469447, 14.2292092],
            [121.0471593, 14.2293859],
            [121.0473094, 14.2295679],
            [121.0475214, 14.2297291],
            [121.0476796, 14.2298591],
            [121.0478406, 14.2302413],
            [121.0480927, 14.2305923],
            [121.0481893, 14.2310811],
            [121.0482099, 14.231285],
            [121.0483982, 14.2316372],
            [121.0486006, 14.2318025],
            [121.0488521, 14.231975],
            [121.049407, 14.2323186],
            [121.0494553, 14.232589],
            [121.0496591, 14.2328802],
            [121.0499166, 14.233161],
            [121.0502112, 14.2333608],
            [121.0504559, 14.2334587],
            [121.0508005, 14.2336455],
            [121.0510002, 14.2337902],
            [121.0510539, 14.2340918],
            [121.0513006, 14.2343465],
            [121.0515098, 14.2347677],
            [121.0517097, 14.2352254],
            [121.0517834, 14.2355009],
            [121.051821, 14.2357453],
            [121.0517512, 14.2359324],
            [121.0515474, 14.2361872],
            [121.0513864, 14.2363692],
            [121.0513569, 14.2365811],
            [121.0514347, 14.2368996],
            [121.0517727, 14.2375443],
            [121.0521465, 14.2381306],
            [121.0522287, 14.2384072],
            [121.0522769, 14.2387764],
            [121.0522539, 14.2391396],
            [121.0522501, 14.2394471],
            [121.0522501, 14.2396343],
            [121.0523681, 14.2397695],
            [121.052513, 14.2398735],
            [121.0527168, 14.2400087],
            [121.0529368, 14.2402791],
            [121.0531138, 14.2405703],
            [121.0534357, 14.2408978],
            [121.0537629, 14.2411734],
            [121.053948, 14.2413702],
            [121.0541062, 14.2418597],
            [121.0542725, 14.2424265],
            [121.0544481, 14.2431243],
            [121.0545478, 14.2433809],
            [121.0547553, 14.243846],
            [121.0548932, 14.2444691],
            [121.0548948, 14.2448079],
            [121.0548465, 14.2451458],
            [121.0548197, 14.2454474],
            [121.0548948, 14.2457386],
            [121.0551094, 14.2459154],
            [121.0553508, 14.2460349],
            [121.0555653, 14.2462793],
            [121.0559194, 14.2467629],
            [121.0560948, 14.2470897],
            [121.0561337, 14.2472591],
            [121.0561232, 14.2474284],
            [121.0561061, 14.2479239],
            [121.0560728, 14.248252],
            [121.0559945, 14.2484973],
            [121.0559009, 14.2486961],
            [121.0558214, 14.2487974],
            [121.0557134, 14.2490745],
            [121.0556576, 14.2493959],
            [121.0555903, 14.2496016],
            [121.0554479, 14.2497683],
            [121.0553435, 14.249857],
            [121.0550515, 14.2499792],
            [121.0547413, 14.2500707],
            [121.0546609, 14.2501338],
            [121.0546204, 14.2502099],
            [121.0545973, 14.2503299],
            [121.0545517, 14.2503865],
            [121.0544884, 14.2504495],
            [121.0544431, 14.250496],
            [121.0542103, 14.2507893],
            [121.0540693, 14.2510112],
            [121.0539727, 14.2513648],
            [121.0538332, 14.2517287],
            [121.0536401, 14.2519887],
            [121.0536509, 14.2521031],
            [121.0537796, 14.2523007],
            [121.0538288, 14.2524674],
            [121.053844, 14.252519],
            [121.0539298, 14.2528518],
            [121.05408, 14.2534549],
            [121.0541015, 14.2540684],
            [121.0541015, 14.2543908],
            [121.0541658, 14.2546819],
            [121.0539835, 14.2550979],
            [121.0538762, 14.255597],
            [121.053929, 14.2558774],
            [121.0539813, 14.2561121],
            [121.0541229, 14.2563873],
            [121.0544298, 14.2566722],
            [121.0541536, 14.2565282],
            [121.053719, 14.2561766],
            [121.0536106, 14.2560289],
            [121.0535827, 14.2557949],
            [121.0533972, 14.2553905],
            [121.0534358, 14.255117],
            [121.0533435, 14.2547541],
            [121.0532534, 14.2545877],
            [121.0531675, 14.2545461],
            [121.0530603, 14.2545357],
            [121.0529208, 14.2545409],
            [121.0527384, 14.2544941],
            [121.0526418, 14.2543797],
            [121.0525882, 14.2541458],
            [121.0525453, 14.2540366],
            [121.0524115, 14.2539835],
            [121.0523307, 14.2539794],
            [121.0520947, 14.2540678],
            [121.051956, 14.2541309],
            [121.0518541, 14.2540478],
            [121.0517521, 14.2538814],
            [121.0516663, 14.2538086],
            [121.0514786, 14.2537774],
            [121.0510111, 14.2537506],
            [121.0507643, 14.2537194],
            [121.0505014, 14.2538546],
            [121.0500999, 14.2539282],
            [121.0496278, 14.2540737],
            [121.0489297, 14.2544005],
            [121.0488706, 14.2545357],
            [121.0487795, 14.2546137],
            [121.0486507, 14.2546085],
            [121.0484844, 14.2545409],
            [121.0482269, 14.2544629],
            [121.0478729, 14.2544421],
            [121.0476315, 14.2543069],
            [121.0474767, 14.2542505],
            [121.0472782, 14.2542765],
            [121.0471387, 14.2543649],
            [121.0469671, 14.2543649],
            [121.0468169, 14.2543129],
            [121.0467302, 14.2541562],
            [121.0466551, 14.2539378],
            [121.0465371, 14.2537402],
            [121.0463279, 14.2536414],
            [121.0460832, 14.2536034],
            [121.0458506, 14.2535452],
            [121.0455805, 14.253407],
            [121.045233, 14.2532788],
            [121.0448758, 14.253083],
            [121.0446229, 14.2530897],
            [121.0444472, 14.2531683],
            [121.0442, 14.2530362],
            [121.0440349, 14.2528471],
            [121.0436073, 14.2524399],
            [121.0434272, 14.2522581],
            [121.0432397, 14.252069],
            [121.042737, 14.2518654],
            [121.0425719, 14.2516909],
            [121.0424594, 14.2513637],
            [121.0424594, 14.2511673],
            [121.0425044, 14.2507528],
            [121.0423918, 14.2506146],
            [121.0419792, 14.250222],
            [121.0418701, 14.250178],
            [121.0417021, 14.2500877],
            [121.041529, 14.2499965],
            [121.0412514, 14.250142],
            [121.0410563, 14.2501929],
            [121.0408763, 14.2501129],
            [121.0408313, 14.2499238],
            [121.0408012, 14.2497202],
            [121.0405612, 14.2498075],
            [121.040066, 14.2500329],
            [121.0398109, 14.2500256],
            [121.0395033, 14.249822],
            [121.0391656, 14.2494584],
            [121.0386029, 14.2493057],
            [121.0382578, 14.2493493],
            [121.0377326, 14.2494657],
            [121.0372749, 14.2494948],
            [121.0370799, 14.2494511],
            [121.0367155, 14.2502178],
            [121.0360383, 14.2519541],
            [121.0359795, 14.2521504],
            [121.0362828, 14.2523218],
            [121.0365241, 14.2525907],
            [121.0365242, 14.2526361],
            [121.036512, 14.2531169],
            [121.0362948, 14.2536665],
            [121.0361621, 14.2543682],
            [121.0367654, 14.255444],
            [121.0371273, 14.2563561],
            [121.0372737, 14.2567932],
            [121.0373753, 14.2573115],
            [121.0372438, 14.2575257],
            [121.0372498, 14.2576195],
            [121.0372542, 14.2576881],
            [121.0377394, 14.2580328],
            [121.038261, 14.2587069],
            [121.0386638, 14.2590208],
            [121.039422, 14.2592964],
            [121.0396432, 14.2594495],
            [121.0396906, 14.2596561],
            [121.0395247, 14.260192],
            [121.0394141, 14.2604905],
            [121.0393983, 14.2607202],
            [121.0397857, 14.2613061],
            [121.0403101, 14.2617577],
            [121.0405764, 14.2619301],
            [121.0408016, 14.2621483],
            [121.0408876, 14.2622552],
            [121.0409563, 14.2623517],
            [121.0408756, 14.2625216],
            [121.0408612, 14.2626462],
            [121.0408541, 14.2628018],
            [121.040789, 14.2632376],
            [121.0406986, 14.2633996],
            [121.0404684, 14.2634289],
            [121.040289, 14.263404],
            [121.0400248, 14.263296],
            [121.0397329, 14.2634591],
            [121.0397348, 14.2639899],
            [121.0397571, 14.2642429],
            [121.0398396, 14.2644043],
            [121.0398581, 14.2644572],
            [121.0397459, 14.2649526],
            [121.0393382, 14.2654233],
            [121.0393811, 14.2657041],
            [121.0393919, 14.266016],
            [121.0394133, 14.2665463],
            [121.0393704, 14.2671697],
            [121.0393773, 14.2673704],
            [121.0393811, 14.2674816],
            [121.0395957, 14.2678871],
            [121.0396064, 14.2683446],
            [121.0396605, 14.2685393],
            [121.0397566, 14.2688853],
            [121.0397831, 14.2690947],
            [121.039821, 14.2693948],
            [121.0398103, 14.2698107],
            [121.0397245, 14.2700707],
            [121.0396386, 14.2702475],
            [121.0394562, 14.2703306],
            [121.0392846, 14.2704034],
            [121.0391831, 14.2704401],
            [121.0388882, 14.2709887],
            [121.0389842, 14.2712287],
            [121.0391694, 14.2714756],
            [121.0395196, 14.2717929],
            [121.0396768, 14.2722299],
            [121.0398208, 14.2725385],
            [121.0398825, 14.2728265],
            [121.041028, 14.2737159],
            [121.0410602, 14.273889],
            [121.0409268, 14.2739742],
            [121.040789, 14.2739554],
            [121.0405892, 14.273864],
            [121.0403998, 14.2738889],
            [121.0403259, 14.2739855],
            [121.040354, 14.2741797],
            [121.040579, 14.2743715],
            [121.0408769, 14.2744311],
            [121.0412197, 14.2747054],
            [121.0414597, 14.274822],
            [121.041734, 14.2750003],
            [121.04231, 14.2750208],
            [121.0424472, 14.2749728],
            [121.0427078, 14.2748974],
            [121.0429752, 14.2749865],
            [121.0431398, 14.2750551],
            [121.0432358, 14.2752197],
            [121.0432015, 14.2753706],
            [121.0430164, 14.2754391],
            [121.0427969, 14.2754734],
            [121.0425981, 14.2755557],
            [121.0425158, 14.2758849],
            [121.0426255, 14.2760769],
            [121.0429066, 14.2762757],
            [121.0433181, 14.276214],
            [121.0433665, 14.2759101],
            [121.0434417, 14.2757626],
            [121.0436357, 14.2757281],
            [121.043752, 14.2757865],
            [121.0438246, 14.2758948],
            [121.0438556, 14.2760337],
            [121.0438596, 14.2761501],
            [121.043834, 14.2762665],
            [121.0438365, 14.2763345],
            [121.0438629, 14.2763968],
            [121.0439428, 14.276468],
            [121.0440174, 14.2765151],
            [121.0440843, 14.2765288],
            [121.0441445, 14.2765152],
            [121.0441947, 14.2764891],
            [121.0442272, 14.2764453],
            [121.0442568, 14.276358],
            [121.0443507, 14.2762434],
            [121.044383, 14.276237],
            [121.0444552, 14.2762472],
            [121.0446802, 14.2763156],
            [121.0448243, 14.2763792],
            [121.0448953, 14.2764266],
            [121.0449418, 14.2765037],
            [121.044966, 14.2765919],
            [121.0449798, 14.2767348],
            [121.0449737, 14.2768425],
            [121.0449521, 14.2769178],
            [121.0448882, 14.2771488],
            [121.0448632, 14.277298],
            [121.0448796, 14.2774011],
            [121.0449261, 14.2774543],
            [121.0449919, 14.2774951],
            [121.0452275, 14.277568],
            [121.0453345, 14.2775884],
            [121.0454318, 14.2775902],
            [121.0455399, 14.2775777],
            [121.0456198, 14.2775797],
            [121.045718, 14.2776016],
            [121.0457733, 14.2776796],
            [121.045821, 14.2777754],
            [121.0458622, 14.2779901],
            [121.0458727, 14.2781512],
            [121.0458415, 14.2782632],
            [121.0457706, 14.2783408],
            [121.045732, 14.2783788],
            [121.0456679, 14.2784294],
            [121.0455836, 14.2784405],
            [121.0454991, 14.278433],
            [121.045418, 14.2784136],
            [121.0453709, 14.2783843],
            [121.0453308, 14.2783341],
            [121.0453146, 14.2782807],
            [121.0452589, 14.2781021],
            [121.0451521, 14.2779849],
            [121.0450354, 14.2779639],
            [121.0448881, 14.2779848],
            [121.0447917, 14.2779748],
            [121.0447082, 14.2779647],
            [121.044628, 14.2779903],
            [121.0445663, 14.2780287],
            [121.0445575, 14.2784912],
            [121.0446162, 14.2788468],
            [121.0446995, 14.2791116],
            [121.0449331, 14.2793608],
            [121.0452107, 14.2796496],
            [121.0454713, 14.2798759],
            [121.0456565, 14.280109],
            [121.045725, 14.280349],
            [121.0457593, 14.2806576],
            [121.0458279, 14.2808702],
            [121.045869, 14.2810416],
            [121.0460062, 14.2811651],
            [121.046157, 14.2812748],
            [121.0461845, 14.2814599],
            [121.0461421, 14.2815795],
            [121.0460779, 14.2817339],
            [121.0460609, 14.2818097],
            [121.0460676, 14.2819004],
            [121.0461125, 14.2819755],
            [121.0461849, 14.282026],
            [121.0462704, 14.282048],
            [121.0465123, 14.2820781],
            [121.0465843, 14.2821007],
            [121.0466356, 14.2821327],
            [121.0466921, 14.2822314],
            [121.0468202, 14.2825084],
            [121.0468536, 14.2825739],
            [121.046899, 14.2826374],
            [121.0469619, 14.2826782],
            [121.0471358, 14.2827813],
            [121.0472251, 14.282823],
            [121.0472737, 14.282861],
            [121.047335, 14.2828818],
            [121.0473967, 14.2828933],
            [121.0474607, 14.2828942],
            [121.0475448, 14.2828901],
            [121.0476655, 14.2828895],
            [121.0477362, 14.2829012],
            [121.0478115, 14.2829323],
            [121.047962, 14.2830361],
            [121.0481533, 14.2831929],
            [121.0483496, 14.2833968],
            [121.048416, 14.2834883],
            [121.04849, 14.2835955],
            [121.0485333, 14.2837009],
            [121.0485696, 14.2838109],
            [121.048594, 14.2838891],
            [121.0486342, 14.2839774],
            [121.0486686, 14.2840529],
            [121.0486853, 14.2841405],
            [121.0486952, 14.2842126],
            [121.048708, 14.2842541],
            [121.0487027, 14.284318],
            [121.0486673, 14.2844661],
            [121.0486447, 14.2845674],
            [121.0486402, 14.2846486],
            [121.048655, 14.2847201],
            [121.048742, 14.2849709],
            [121.0487975, 14.2851837],
            [121.0488112, 14.285354],
            [121.0487957, 14.2855459],
            [121.0486005, 14.2863813],
            [121.0485136, 14.2869176],
            [121.0484423, 14.2871252],
            [121.0483505, 14.287263],
            [121.0482497, 14.287357],
            [121.048125, 14.2874305],
            [121.0480041, 14.2874666],
            [121.0477576, 14.2875137],
            [121.0476523, 14.2875989],
            [121.0474666, 14.2877473],
            [121.0474019, 14.2878611],
            [121.0474008, 14.2879594],
            [121.0474376, 14.2880705],
            [121.047484, 14.2881322],
            [121.0475891, 14.2882023],
            [121.0478526, 14.2883185],
            [121.0479386, 14.2884091],
            [121.0479853, 14.2884975],
            [121.048088, 14.2888544],
            [121.0480959, 14.2889892],
            [121.0480722, 14.289123],
            [121.0479947, 14.2893135],
            [121.0479788, 14.2894202],
            [121.0480007, 14.289521],
            [121.0480472, 14.2895918],
            [121.0481357, 14.289652],
            [121.0483569, 14.2897305],
            [121.0484804, 14.2897828],
            [121.0485379, 14.2898725],
            [121.0485144, 14.2900048],
            [121.0483994, 14.2902864],
            [121.048413, 14.2904301],
            [121.0485024, 14.2905747],
            [121.0487091, 14.2908004],
            [121.0488224, 14.2909745],
            [121.0489009, 14.2913371],
            [121.0488948, 14.2916295],
            [121.0488547, 14.2919478],
            [121.0487648, 14.2921946],
            [121.0486346, 14.2924249],
            [121.04857, 14.2926174],
            [121.0485515, 14.2927095],
            [121.0485587, 14.2928018],
            [121.048603, 14.2928983],
            [121.0486879, 14.2929905],
            [121.0488562, 14.293187],
            [121.0494238, 14.2937676],
            [121.0501256, 14.2947455],
            [121.0502358, 14.2949205],
            [121.0503681, 14.2950592],
            [121.0504999, 14.2951899],
            [121.0507206, 14.2953345],
            [121.0509011, 14.2953932],
            [121.0510819, 14.2954111],
            [121.0512833, 14.2953867],
            [121.0515136, 14.2953315],
            [121.0516629, 14.2952684],
            [121.0518021, 14.2951855],
            [121.0521158, 14.2950956],
            [121.0528636, 14.2949444],
            [121.0535519, 14.2948452],
            [121.0539241, 14.2948362],
            [121.0544128, 14.2948244],
            [121.0546694, 14.2948452],
            [121.0548512, 14.2949436],
            [121.0549125, 14.2950753],
            [121.0549325, 14.2952294],
            [121.0549073, 14.2954097],
            [121.0548218, 14.2956975],
            [121.0547643, 14.295989],
            [121.0547769, 14.2961404],
            [121.0548189, 14.2962621],
            [121.0549409, 14.2963977],
            [121.0551482, 14.296564],
            [121.055341, 14.29672],
            [121.0554705, 14.2968052],
            [121.0555905, 14.2969104],
            [121.055627, 14.2969995],
            [121.0556212, 14.2971396],
            [121.0556618, 14.2972669],
            [121.0557089, 14.2973972],
            [121.0556928, 14.2975007],
            [121.0556169, 14.2976421],
            [121.0555653, 14.2977454],
            [121.0555609, 14.2978574],
            [121.0556061, 14.2979857],
            [121.0556756, 14.2980711],
            [121.0557916, 14.2981169],
            [121.0563211, 14.2981096],
            [121.0565824, 14.2981247],
            [121.0567084, 14.2981423],
            [121.0570752, 14.2983918],
            [121.0571497, 14.2985192],
            [121.0571481, 14.2986215],
            [121.057077, 14.2987347],
            [121.0567232, 14.2990429],
            [121.0566738, 14.2991406],
            [121.0566685, 14.2992301],
            [121.0567194, 14.2993275],
            [121.0568371, 14.299515],
            [121.0569219, 14.2996247],
            [121.0570657, 14.2997871],
            [121.0571881, 14.2998497],
            [121.0573329, 14.2998493],
            [121.0574739, 14.2998169],
            [121.0578843, 14.2997066],
            [121.0581752, 14.2997403],
            [121.0582567, 14.2997332],
            [121.0583084, 14.2997209],
            [121.0584084, 14.2997421],
            [121.0584296, 14.2997735],
            [121.058582, 14.2997755],
            [121.0586985, 14.2997995],
            [121.0587689, 14.2998165],
            [121.0588335, 14.299847],
            [121.0588792, 14.2998826],
            [121.0589035, 14.2999195],
            [121.0589353, 14.3002091],
            [121.0591368, 14.300688],
            [121.0595671, 14.3012417],
            [121.059602, 14.3013478],
            [121.0595634, 14.3014403],
            [121.0594694, 14.3015052],
            [121.0592641, 14.3015548],
            [121.0591227, 14.3016153],
            [121.059006, 14.3017639],
            [121.0589818, 14.3019939],
            [121.0589862, 14.3022187],
            [121.0590239, 14.3023787],
            [121.0591128, 14.3024716],
            [121.0591667, 14.3024959],
            [121.0592313, 14.3024847],
            [121.0593939, 14.3023644],
            [121.0595538, 14.3023124],
            [121.0596983, 14.3023818],
            [121.0597962, 14.3024824],
            [121.0598188, 14.3026282],
            [121.0597835, 14.302854],
            [121.0597221, 14.3030157],
            [121.0597233, 14.3032778],
            [121.0598008, 14.3034776],
            [121.059953, 14.3037101],
            [121.0600067, 14.3038061],
            [121.0600233, 14.3040263],
            [121.0599974, 14.3042722],
            [121.0600013, 14.3044856],
            [121.060067, 14.3046803],
            [121.0603164, 14.3048431],
            [121.0605953, 14.305041],
            [121.0607485, 14.3052359],
            [121.0608426, 14.3054719],
            [121.0609656, 14.3057886],
            [121.0610606, 14.3061185],
            [121.0611468, 14.3063534],
            [121.0612594, 14.3064794],
            [121.0615312, 14.3065279],
            [121.0620547, 14.3066094],
            [121.0622924, 14.3067531],
            [121.0623347, 14.3069668],
            [121.0621486, 14.3072653],
            [121.0620017, 14.3076213],
            [121.0619592, 14.3078205],
            [121.0620148, 14.3081221],
            [121.0620225, 14.3083845],
            [121.0619142, 14.3084895],
            [121.0618264, 14.3085827],
            [121.0618471, 14.3087577],
            [121.0619606, 14.3089768],
            [121.0622102, 14.3091693],
            [121.0624511, 14.3093169],
            [121.0627657, 14.3095408],
            [121.0630649, 14.3096898],
            [121.063218, 14.3098022],
            [121.0632361, 14.3098689],
            [121.0632278, 14.3099552],
            [121.0631586, 14.3100416],
            [121.0630803, 14.3100856],
            [121.0629557, 14.310129],
            [121.0628335, 14.3102145],
            [121.0627426, 14.3103194],
            [121.0625161, 14.3105129],
            [121.0623032, 14.3106351],
            [121.0620125, 14.310747],
            [121.0619569, 14.3108087],
            [121.0619105, 14.3109045],
            [121.0619025, 14.3110039],
            [121.0619176, 14.3110607],
            [121.0619662, 14.3111163],
            [121.0620154, 14.3111535],
            [121.0620879, 14.3111925],
            [121.0621468, 14.3112076],
            [121.0622293, 14.3112232],
            [121.0623134, 14.3112032],
            [121.0623783, 14.3111841],
            [121.0624459, 14.3111361],
            [121.0626575, 14.3107389],
            [121.0626955, 14.3107031],
            [121.0627539, 14.3106847],
            [121.0628267, 14.3107018],
            [121.062875, 14.3107324],
            [121.0629189, 14.3108093],
            [121.0629364, 14.3108502],
            [121.0629496, 14.3108999],
            [121.0629576, 14.3109864],
            [121.0629678, 14.3110487],
            [121.0629693, 14.311114],
            [121.0629625, 14.3112121],
            [121.0629612, 14.3113016],
            [121.0629651, 14.3113829],
            [121.0629662, 14.3114662],
            [121.0629885, 14.3115573],
            [121.0630129, 14.3116375],
            [121.0630531, 14.3117187],
            [121.0632281, 14.3120663],
            [121.0632458, 14.3121286],
            [121.0632568, 14.3122052],
            [121.0632785, 14.3122493],
            [121.0633183, 14.3122853],
            [121.0633736, 14.312331],
            [121.0634315, 14.3123524],
            [121.0634847, 14.3123236],
            [121.0635004, 14.3122248],
            [121.0635034, 14.3121315],
            [121.0635262, 14.3120419],
            [121.0635572, 14.3119852],
            [121.0636173, 14.3119159],
            [121.0636935, 14.3118664],
            [121.0637804, 14.3118774],
            [121.0638506, 14.3119097],
            [121.0639281, 14.3119686],
            [121.0639772, 14.3120121],
            [121.0640183, 14.3120454],
            [121.0640876, 14.3120747],
            [121.0641676, 14.3120718],
            [121.0642608, 14.3120448],
            [121.0643365, 14.3119606],
            [121.0643805, 14.311917],
            [121.0644246, 14.3118831],
            [121.0644745, 14.3118404],
            [121.0645801, 14.3117909],
            [121.0646366, 14.3117449],
            [121.0647081, 14.3117415],
            [121.0647823, 14.3117606],
            [121.0648586, 14.3117954],
            [121.0649244, 14.3118485],
            [121.0649786, 14.3118961],
            [121.0650172, 14.3119275],
            [121.0650436, 14.3120003],
            [121.0650561, 14.3120793],
            [121.0650306, 14.3121803],
            [121.0650324, 14.3122951],
            [121.0650596, 14.3123708],
            [121.0651042, 14.3124614],
            [121.0651481, 14.3125501],
            [121.0651649, 14.312629],
            [121.0652199, 14.3127557],
            [121.0652922, 14.3128494],
            [121.0653531, 14.3129156],
            [121.0654128, 14.3129646],
            [121.0654536, 14.3129987],
            [121.0655065, 14.3130243],
            [121.0655456, 14.3130382],
            [121.0655989, 14.3130496],
            [121.0656685, 14.3130561],
            [121.065711, 14.3130269],
            [121.0657344, 14.3129865],
            [121.0657469, 14.3129466],
            [121.0657544, 14.3128642],
            [121.0657538, 14.3127964],
            [121.0657555, 14.3126757],
            [121.0657594, 14.3125951],
            [121.0657743, 14.3125275],
            [121.065809, 14.3124858],
            [121.0658354, 14.312462],
            [121.0659099, 14.3124441],
            [121.0659852, 14.3124285],
            [121.0661013, 14.3124229],
            [121.0661749, 14.3124168],
            [121.0662434, 14.3124272],
            [121.066313, 14.3124456],
            [121.0663643, 14.3124965],
            [121.0663975, 14.3125453],
            [121.0664107, 14.3125968],
            [121.0664135, 14.3126593],
            [121.0664021, 14.3127131],
            [121.0663905, 14.3127771],
            [121.0663876, 14.312845],
            [121.0663952, 14.3129084],
            [121.0664421, 14.3129399],
            [121.0664969, 14.3129737],
            [121.0665405, 14.312999],
            [121.0665868, 14.3130284],
            [121.0666269, 14.3130504],
            [121.0666876, 14.3130795],
            [121.0667544, 14.3131109],
            [121.0668044, 14.3131569],
            [121.0668362, 14.3132117],
            [121.0668095, 14.3132585],
            [121.0667478, 14.3133062],
            [121.0666933, 14.3133569],
            [121.0666588, 14.3134327],
            [121.0666258, 14.313498],
            [121.0666088, 14.3135841],
            [121.0666235, 14.3136412],
            [121.0666458, 14.3137084],
            [121.0666559, 14.3137902],
            [121.0666817, 14.3138516],
            [121.0666992, 14.313937],
            [121.0667218, 14.3140066],
            [121.0667413, 14.3140668],
            [121.0667547, 14.3141286],
            [121.0667424, 14.3141952],
            [121.0667027, 14.3142429],
            [121.0666385, 14.3142796],
            [121.0665596, 14.3143699],
            [121.0665215, 14.3144318],
            [121.0664779, 14.314536],
            [121.0664552, 14.3146101],
            [121.0664424, 14.3146638],
            [121.0664012, 14.3147136],
            [121.0663765, 14.31479],
            [121.0663927, 14.3148703],
            [121.0664182, 14.3149413],
            [121.066466, 14.3150198],
            [121.0665499, 14.3151054],
            [121.0666139, 14.3151645],
            [121.0666502, 14.3152228],
            [121.0667073, 14.3153024],
            [121.0667808, 14.3153934],
            [121.0668274, 14.3154727],
            [121.0670671, 14.3159041],
            [121.0673594, 14.3163215],
            [121.0679327, 14.3169504],
            [121.0681948, 14.3172617],
            [121.0682169, 14.3173703],
            [121.068252, 14.3175003],
            [121.0682227, 14.317571],
            [121.0681365, 14.3177422],
            [121.0679535, 14.3179908],
            [121.0678315, 14.3181436],
            [121.0678, 14.3182211],
            [121.0677957, 14.3183311],
            [121.0678483, 14.3183882],
            [121.0679303, 14.3183923],
            [121.0681112, 14.3183515],
            [121.0682143, 14.3182965],
            [121.0683994, 14.3182537],
            [121.0684688, 14.318268],
            [121.0685382, 14.3183107],
            [121.0685844, 14.3184126],
            [121.0685529, 14.3186246],
            [121.0685213, 14.3188263],
            [121.068534, 14.3191463],
            [121.0686013, 14.3195009],
            [121.0686307, 14.3197372],
            [121.0686475, 14.319937],
            [121.0686202, 14.3200592],
            [121.0686286, 14.3201306],
            [121.0686959, 14.3201733],
            [121.0688158, 14.3202487],
            [121.0689146, 14.3203262],
            [121.0689988, 14.3204322],
            [121.0690135, 14.320534],
            [121.0689756, 14.3206848],
            [121.0689693, 14.3208316],
            [121.0690745, 14.3209538],
            [121.0691691, 14.3210231],
            [121.0692785, 14.32118],
            [121.0694131, 14.3213594],
            [121.069493, 14.3215795],
            [121.0695708, 14.3217282],
            [121.069676, 14.3218525],
            [121.0697475, 14.3221052],
            [121.0697601, 14.322311],
            [121.0697875, 14.32258],
            [121.0699073, 14.3228042],
            [121.0701639, 14.3231017],
            [121.0702081, 14.3233157],
            [121.0702649, 14.3234278],
            [121.0703764, 14.3234991],
            [121.0704731, 14.3235174],
            [121.0706561, 14.3235317],
            [121.0708916, 14.3235154],
            [121.0710094, 14.3235093],
            [121.0711609, 14.3235928],
            [121.0714364, 14.3237579],
            [121.07188, 14.3239749],
            [121.0723469, 14.3242195],
            [121.0724539, 14.3243129],
            [121.0725657, 14.324464],
            [121.0727676, 14.3246352],
            [121.0729, 14.3247192],
            [121.0730015, 14.3247681],
            [121.0730747, 14.3247778],
            [121.0732114, 14.3247677],
            [121.0733733, 14.3247228],
            [121.0736362, 14.3246923],
            [121.0739075, 14.3247473],
            [121.0741305, 14.324839],
            [121.0744691, 14.3250163],
            [121.074732, 14.3250937],
            [121.075222, 14.3251609],
            [121.0755059, 14.325163],
            [121.0756342, 14.3251956],
            [121.0757036, 14.3252547],
            [121.0757709, 14.3253525],
            [121.0758572, 14.3255237],
            [121.075914, 14.3255787],
            [121.0760317, 14.3256378],
            [121.0761138, 14.3257315],
            [121.0761762, 14.3258694],
            [121.07651, 14.3262345],
            [121.076775, 14.326369],
            [121.076915, 14.3264464],
            [121.0770714, 14.3266572],
            [121.0770826, 14.3268273],
            [121.0770637, 14.3270278],
            [121.0773747, 14.3274808],
            [121.0776824, 14.3278677],
            [121.0776163, 14.3278302],
            [121.0775706, 14.3278237],
            [121.0775279, 14.3278199],
            [121.0774879, 14.3278335],
            [121.0773936, 14.3278705],
            [121.0773423, 14.3278907],
            [121.0773057, 14.327911],
            [121.077242, 14.3279458],
            [121.0771417, 14.3279982],
            [121.0770383, 14.328032],
            [121.0769336, 14.3280605],
            [121.076893, 14.3280675],
            [121.076853, 14.3280581],
            [121.0763133, 14.3278632],
            [121.076118, 14.3277892],
            [121.0760794, 14.3277497],
            [121.0760215, 14.3277178],
            [121.0758483, 14.3276538],
            [121.0757268, 14.3276538],
            [121.075616, 14.3276515],
            [121.0755079, 14.3276625],
            [121.0754279, 14.3277097],
            [121.0753786, 14.3277707],
            [121.0753436, 14.3278508],
            [121.0752777, 14.3280283],
            [121.0751684, 14.3281631],
            [121.0750094, 14.3281546],
            [121.0748022, 14.3281157],
            [121.0742532, 14.3279926],
            [121.074115, 14.3279144],
            [121.0739828, 14.3278525],
            [121.0738842, 14.3278333],
            [121.0737977, 14.3278617],
            [121.0736991, 14.328017],
            [121.0736244, 14.3281689],
            [121.0734352, 14.3282849],
            [121.0729984, 14.3282544],
            [121.0728746, 14.3282931],
            [121.0725664, 14.3285431],
            [121.0724374, 14.32866],
            [121.0723142, 14.3286842],
            [121.0722066, 14.3287116],
            [121.0719853, 14.328752],
            [121.0717379, 14.3287552],
            [121.0712683, 14.3286788],
            [121.0709235, 14.3286613],
            [121.0706913, 14.3285219],
            [121.0705212, 14.3284383],
            [121.070345, 14.3284362],
            [121.0700095, 14.3285768],
            [121.0698068, 14.3286241],
            [121.069591, 14.328735],
            [121.0692828, 14.3288728],
            [121.0687174, 14.3290125],
            [121.0681948, 14.3291261],
            [121.068066, 14.3291295],
            [121.0679621, 14.329129],
            [121.0679102, 14.3291107],
            [121.0678742, 14.3290786],
            [121.0678302, 14.3290256],
            [121.0678, 14.3289687],
            [121.0677386, 14.3289144],
            [121.0676829, 14.3288791],
            [121.0675721, 14.3288473],
            [121.0674454, 14.3287909],
            [121.0673311, 14.3287183],
            [121.067247, 14.3285621],
            [121.0672146, 14.3284792],
            [121.0672015, 14.3284057],
            [121.0671864, 14.3283462],
            [121.0671506, 14.3282891],
            [121.0670881, 14.3282728],
            [121.0668964, 14.3282714],
            [121.0667294, 14.3282517],
            [121.0666025, 14.3281784],
            [121.0665067, 14.3280516],
            [121.0660565, 14.3277526],
            [121.0659533, 14.3276559],
            [121.0658405, 14.3275732],
            [121.0657236, 14.3275724],
            [121.0655936, 14.3275588],
            [121.0654587, 14.3275212],
            [121.0652837, 14.3274627],
            [121.0651803, 14.3273905],
            [121.065108, 14.3273464],
            [121.0649505, 14.327285],
            [121.0647386, 14.327213],
            [121.0646446, 14.3271639],
            [121.064613, 14.3271044],
            [121.0646301, 14.3270304],
            [121.0646945, 14.3269242],
            [121.0647751, 14.3268158],
            [121.0648521, 14.3266916],
            [121.0648702, 14.3266133],
            [121.0648563, 14.326552],
            [121.0648265, 14.3265132],
            [121.064771, 14.3264779],
            [121.0647017, 14.3264498],
            [121.064624, 14.3264334],
            [121.0644826, 14.3264503],
            [121.0642925, 14.3264917],
            [121.0641544, 14.3265182],
            [121.0640778, 14.3265129],
            [121.0639989, 14.3264929],
            [121.0639116, 14.3264533],
            [121.0638217, 14.326403],
            [121.0637508, 14.326356],
            [121.0637042, 14.3262725],
            [121.0636873, 14.3261603],
            [121.0636565, 14.3260936],
            [121.0636138, 14.3260288],
            [121.0635466, 14.325987],
            [121.0633776, 14.3259688],
            [121.0632735, 14.3259653],
            [121.0631952, 14.3259403],
            [121.0631487, 14.3259127],
            [121.0631113, 14.3258512],
            [121.0631191, 14.3256615],
            [121.0630703, 14.3254957],
            [121.0629502, 14.3253783],
            [121.0625643, 14.3250884],
            [121.0623725, 14.3249324],
            [121.0623333, 14.324883],
            [121.0623249, 14.3248055],
            [121.062345, 14.3247169],
            [121.0624348, 14.3244648],
            [121.0625209, 14.3242361],
            [121.0625854, 14.3240722],
            [121.0626075, 14.3239802],
            [121.0625931, 14.3239335],
            [121.0625648, 14.3239019],
            [121.0624932, 14.3238622],
            [121.0624102, 14.3238074],
            [121.0615409, 14.3231563],
            [121.0613017, 14.3229669],
            [121.0611464, 14.3228067],
            [121.0610524, 14.3227239],
            [121.0610039, 14.3226831],
            [121.0609421, 14.3226523],
            [121.0608777, 14.3226564],
            [121.0608022, 14.3226714],
            [121.0605893, 14.3227624],
            [121.0605213, 14.3227919],
            [121.0604571, 14.3228127],
            [121.0603754, 14.3228239],
            [121.06032, 14.3228292],
            [121.0602826, 14.3228251],
            [121.0602508, 14.3228078],
            [121.0602254, 14.322743],
            [121.0602023, 14.3226791],
            [121.0601821, 14.3225868],
            [121.0601621, 14.3225401],
            [121.0601329, 14.3225185],
            [121.0601088, 14.322511],
            [121.0600563, 14.3225197],
            [121.0599867, 14.3225397],
            [121.0598361, 14.3226137],
            [121.0597253, 14.3226863],
            [121.0596432, 14.3227444],
            [121.0595765, 14.3227649],
            [121.0595182, 14.3227624],
            [121.059484, 14.3227393],
            [121.0594672, 14.3226817],
            [121.0594703, 14.3226408],
            [121.0594941, 14.3225271],
            [121.0595059, 14.3224561],
            [121.0595021, 14.3223882],
            [121.0594948, 14.3223381],
            [121.0594774, 14.3222828],
            [121.059444, 14.3222266],
            [121.0593937, 14.3222244],
            [121.0593125, 14.3222558],
            [121.0592071, 14.3223041],
            [121.0584271, 14.322673],
            [121.058022, 14.3228595],
            [121.0578254, 14.3229337],
            [121.057723, 14.3230784],
            [121.0576338, 14.3233202],
            [121.0575502, 14.323461],
            [121.0573398, 14.3235668],
            [121.0571275, 14.3236579],
            [121.0568755, 14.3237992],
            [121.0566843, 14.3240544],
            [121.0565785, 14.324267],
            [121.0564801, 14.3245416],
            [121.0563428, 14.324878],
            [121.0561898, 14.3252335],
            [121.0561644, 14.3253084],
            [121.0560878, 14.3253404],
            [121.0560243, 14.3253548],
            [121.0559529, 14.3253703],
            [121.0558841, 14.3253735],
            [121.0558133, 14.3253851],
            [121.055752, 14.325391],
            [121.0556682, 14.3254095],
            [121.0555893, 14.3254319],
            [121.055512, 14.3254523],
            [121.055449, 14.3254649],
            [121.0553823, 14.3254759],
            [121.0553267, 14.325484],
            [121.0552701, 14.3254847],
            [121.0552153, 14.3254883],
            [121.0551584, 14.3254958],
            [121.0551261, 14.3255018],
            [121.0551071, 14.3255053],
            [121.0550591, 14.3255087],
            [121.0549412, 14.3255007],
            [121.0548133, 14.3255043],
            [121.0546916, 14.3254988],
            [121.0546583, 14.3254917],
            [121.0545917, 14.3254964],
            [121.0545155, 14.3255024],
            [121.0544664, 14.3255019],
            [121.0543756, 14.3254792],
            [121.0543415, 14.3254698],
            [121.0543167, 14.3254547],
            [121.0542583, 14.3254696],
            [121.0542181, 14.3254986],
            [121.054149, 14.3255355],
            [121.0539377, 14.325645],
            [121.0537505, 14.3257543],
            [121.0535935, 14.325824],
            [121.0534304, 14.3258664],
            [121.0532697, 14.3259034],
            [121.05308, 14.3259341],
            [121.0530039, 14.3259202],
            [121.0528961, 14.3258775],
            [121.0527159, 14.325824],
            [121.0526165, 14.3258439],
            [121.0526087, 14.3258845],
            [121.0526045, 14.3259064],
            [121.0525435, 14.3261234],
            [121.0524975, 14.3262363],
            [121.0524514, 14.326352],
            [121.0523514, 14.326429],
            [121.052132, 14.3265291],
            [121.0517005, 14.326671],
            [121.0510431, 14.3268046],
            [121.0504744, 14.3269242],
            [121.0500399, 14.3270333],
            [121.0496698, 14.3271736],
            [121.0493996, 14.3272738],
            [121.0491339, 14.3273411],
            [121.0489959, 14.3273206],
            [121.0487628, 14.327265],
            [121.0486418, 14.327253],
            [121.0485882, 14.3273102],
            [121.0485023, 14.3274089],
            [121.0484004, 14.3275129],
            [121.0482341, 14.3275805],
            [121.0480839, 14.327622],
            [121.0479123, 14.3276168],
            [121.0478211, 14.3276376],
            [121.0475912, 14.3277814],
            [121.047484, 14.3278905],
            [121.0474289, 14.3279855],
            [121.0473325, 14.3281093],
            [121.0472735, 14.3281197],
            [121.0471406, 14.3280776],
            [121.0466687, 14.3278919],
            [121.0464415, 14.3277828],
            [121.0463413, 14.3277749],
            [121.0462581, 14.3277944],
            [121.046116, 14.3278593],
            [121.0460034, 14.3279061],
            [121.0459403, 14.327871],
            [121.0458854, 14.3277697],
            [121.04588, 14.3275942],
            [121.0456845, 14.327415],
            [121.0454442, 14.3272681],
            [121.0451009, 14.3269355],
            [121.0449507, 14.3268107],
            [121.0448005, 14.3267951],
            [121.0446785, 14.3268736],
            [121.0445659, 14.3269412],
            [121.044421, 14.3269723],
            [121.0443084, 14.3268476],
            [121.0442279, 14.3267177],
            [121.0441957, 14.3265669],
            [121.0441069, 14.3265268],
            [121.0439139, 14.3265805],
            [121.043828, 14.3265735],
            [121.0437368, 14.3265268],
            [121.0437482, 14.3263067],
            [121.0436946, 14.3260987],
            [121.0435444, 14.3259792],
            [121.0431689, 14.3258545],
            [121.0427987, 14.3257453],
            [121.0426539, 14.3257453],
            [121.0425466, 14.3258181],
            [121.0421926, 14.326052],
            [121.0420531, 14.3261559],
            [121.0419404, 14.3262755],
            [121.0417634, 14.3263067],
            [121.0415649, 14.3261819],
            [121.0415381, 14.3260572],
            [121.0415488, 14.3259532],
            [121.0415917, 14.3257609],
            [121.0415917, 14.3256621],
            [121.0415488, 14.325579],
            [121.0414576, 14.325605],
            [121.0413503, 14.3257193],
            [121.0412699, 14.3257765],
            [121.041168, 14.3258077],
            [121.0410681, 14.3257647],
            [121.0408053, 14.3254424],
            [121.0405853, 14.3252449],
            [121.0404351, 14.3250474],
            [121.0403385, 14.3248655],
            [121.0402506, 14.3248607],
            [121.0400489, 14.3248772],
            [121.0398611, 14.3248135],
            [121.0396203, 14.3246717],
            [121.0394423, 14.3245035],
            [121.0394101, 14.3242904],
            [121.0394906, 14.3240669],
            [121.0395335, 14.3238122],
            [121.0394852, 14.3236874],
            [121.0392666, 14.3235926],
            [121.0391771, 14.3239612],
            [121.0390993, 14.3242861],
            [121.0388734, 14.3247616],
            [121.0388831, 14.3255342],
            [121.0389082, 14.3274835],
            [121.0388961, 14.3284443],
            [121.038934, 14.3289442],
            [121.0390249, 14.3294097],
            [121.0391396, 14.3297826],
            [121.0393176, 14.3301339],
            [121.0399702, 14.3310967],
            [121.040721, 14.3323969],
            [121.0406254, 14.3324337],
            [121.0402265, 14.3325292],
            [121.0397341, 14.332647],
            [121.0389669, 14.3328159],
            [121.0386826, 14.332866],
            [121.0363959, 14.3334243],
            [121.0348723, 14.3337444],
            [121.0343649, 14.3338458],
            [121.0338557, 14.3339665],
            [121.0335378, 14.3340315],
            [121.0329612, 14.3343082],
            [121.0322441, 14.334467],
            [121.0320816, 14.3343162],
            [121.032021, 14.334151],
            [121.031981, 14.3339511],
            [121.0319486, 14.3338262],
            [121.0318977, 14.3336989],
            [121.0319058, 14.3335963],
            [121.0318843, 14.3335039],
            [121.031781, 14.3332818],
            [121.0316001, 14.3329843],
            [121.0314766, 14.332801],
            [121.0314069, 14.3327335],
            [121.0308279, 14.3323731],
            [121.0306585, 14.3322969],
            [121.0304412, 14.3322072],
            [121.0303804, 14.3321702],
            [121.0303152, 14.3321292],
            [121.0301489, 14.3320826],
            [121.0299584, 14.3320708],
            [121.0297949, 14.3320384],
            [121.0295441, 14.3319851],
            [121.0294662, 14.3319655],
            [121.0292007, 14.3318005],
            [121.0290694, 14.3317434],
            [121.0288976, 14.3316666],
            [121.0287461, 14.3315913],
            [121.0285462, 14.3315653],
            [121.028419, 14.3315381],
            [121.0282686, 14.3315315],
            [121.0281117, 14.3314613],
            [121.027857, 14.331299],
            [121.0276089, 14.3312237],
            [121.0274103, 14.3311625],
            [121.0272737, 14.3310756],
            [121.0271072, 14.3308779],
            [121.0270013, 14.3306661],
            [121.0268445, 14.330431],
            [121.0267371, 14.3301867],
            [121.0265963, 14.3299749],
            [121.0264771, 14.3297268],
            [121.0262276, 14.3293293],
            [121.0261242, 14.32919],
            [121.0260196, 14.3291147],
            [121.0259044, 14.329068],
            [121.0256991, 14.3289185],
            [121.0255329, 14.3287977],
            [121.0253464, 14.3287132],
            [121.0251613, 14.3286469],
            [121.0250218, 14.3285754],
            [121.0248154, 14.3283975],
            [121.0247268, 14.3282883],
            [121.0246611, 14.3282402],
            [121.0246061, 14.3282207],
            [121.0244626, 14.3282142],
            [121.0243178, 14.328236],
            [121.0241637, 14.3282325],
            [121.0238123, 14.3280818],
            [121.0237196, 14.3280206],
            [121.0236405, 14.3279218],
            [121.0235332, 14.3277672],
            [121.0234233, 14.3276634],
            [121.0233401, 14.3276178],
            [121.0232797, 14.3275606],
            [121.0232234, 14.3274671],
            [121.0230973, 14.3273046],
            [121.0230303, 14.3272747],
            [121.0229888, 14.3272371],
            [121.0228747, 14.3271123],
            [121.0227836, 14.3269734],
            [121.022754, 14.3269382],
            [121.0227071, 14.3269213],
            [121.0226333, 14.3269252],
            [121.0225394, 14.3269369],
            [121.0224914, 14.3269176],
            [121.0224415, 14.3268368],
            [121.0224269, 14.3267279],
            [121.0224402, 14.32659],
            [121.0224926, 14.3264654],
            [121.0225542, 14.3263119],
            [121.0225691, 14.32616],
            [121.0225716, 14.3260793],
            [121.0225382, 14.3259846],
            [121.0224431, 14.3258313],
            [121.0220005, 14.3253803],
            [121.0218796, 14.3252958],
            [121.0217738, 14.3252686],
            [121.0215771, 14.3252475],
            [121.0214372, 14.3252361],
            [121.0212265, 14.3252282],
            [121.0209985, 14.3252334],
            [121.0206793, 14.3252048],
            [121.0204649, 14.3251257],
            [121.0199674, 14.3249632],
            [121.0197419, 14.3248747],
            [121.0195034, 14.3247904],
            [121.0194053, 14.324802],
            [121.0192592, 14.3248423],
            [121.0191008, 14.3249163],
            [121.0189734, 14.3249449],
            [121.0188327, 14.3249281],
            [121.0187253, 14.3248631],
            [121.0186087, 14.3248189],
            [121.0183969, 14.3247748],
            [121.0183083, 14.3247227],
            [121.0181983, 14.3246811],
            [121.0180213, 14.3246331],
            [121.0176942, 14.3244604],
            [121.0173748, 14.3243082],
            [121.0172045, 14.3242848],
            [121.0170438, 14.3242408],
            [121.0168397, 14.3241627],
            [121.0166669, 14.3240407],
            [121.0165019, 14.3239029],
            [121.0163853, 14.323873],
            [121.0162216, 14.3239133],
            [121.0160968, 14.3239976],
            [121.0159306, 14.3241082],
            [121.0158272, 14.3241666],
            [121.0157374, 14.3241848],
            [121.0156329, 14.3241809],
            [121.0155281, 14.3241978],
            [121.0154369, 14.3242108],
            [121.0152561, 14.3241836],
            [121.0150695, 14.3241341],
            [121.0148618, 14.3240264],
            [121.0147704, 14.3239548],
            [121.0147127, 14.3238443],
            [121.0146405, 14.32363],
            [121.0145399, 14.323352],
            [121.0144445, 14.3231543],
            [121.0143398, 14.3229668],
            [121.0142553, 14.3228487],
            [121.0141548, 14.322755],
            [121.0141174, 14.3227283],
            [121.0139926, 14.3226164],
            [121.01388, 14.322484],
            [121.0136533, 14.3223708],
            [121.0133745, 14.3222826],
            [121.0130846, 14.3221447],
            [121.0127951, 14.3220383],
            [121.0126689, 14.3219991],
            [121.0125361, 14.3220017],
            [121.0123484, 14.3220134],
            [121.0122165, 14.3219786],
            [121.0120292, 14.3218978],
            [121.0118294, 14.3218354],
            [121.0115907, 14.3218224],
            [121.011453, 14.3217715],
            [121.0112058, 14.3216717],
            [121.0110368, 14.3216184],
            [121.0108972, 14.3215296],
            [121.0106268, 14.3221393],
            [121.0106118, 14.3221732],
            [121.0087823, 14.3251048],
            [121.0079563, 14.3255257],
            [121.0075437, 14.3258],
            [121.0066135, 14.3263352],
            [121.0067734, 14.3267186],
            [121.0069907, 14.3276152],
            [121.007511, 14.3289094],
            [121.0069853, 14.3315237],
            [121.0067748, 14.3326789],
            [121.0068016, 14.3327815],
            [121.0079253, 14.3353709],
            [121.0083848, 14.341119],
            [121.006854, 14.3439677],
            [121.0069245, 14.345166],
            [121.0064212, 14.345755],
            [121.0062339, 14.3460283],
            [121.0061, 14.3461178],
            [121.005749, 14.3462314],
            [121.0056215, 14.3463462],
            [121.0055255, 14.3464663],
            [121.0054681, 14.346677],
            [121.0056799, 14.3478994],
            [121.0058826, 14.3480964],
            [121.0059707, 14.3485204],
            [121.0058648, 14.3494403],
            [121.006764, 14.3495362],
            [121.0068451, 14.3495079],
            [121.0069735, 14.3497497],
            [121.0079059, 14.3491862],
            [121.0080272, 14.3491182],
            [121.0083047, 14.3489627],
            [121.0086933, 14.3487295],
            [121.0085634, 14.3484805],
            [121.0088109, 14.3483667],
            [121.0086288, 14.3481392],
            [121.0080442, 14.3482275],
            [121.0080065, 14.348001],
            [121.0085617, 14.3478744],
            [121.0088597, 14.3481383],
            [121.0091762, 14.3484396],
            [121.0092223, 14.3485123],
            [121.0094677, 14.3485188],
            [121.0096139, 14.3483915],
            [121.0104942, 14.3478051],
            [121.0113193, 14.3472554],
            [121.0133774, 14.3492523],
            [121.0136794, 14.3495691],
            [121.0138587, 14.3497123],
            [121.0139878, 14.3498154],
            [121.0142142, 14.3504016],
            [121.0145645, 14.3505092],
            [121.0153048, 14.3509769],
            [121.0153925, 14.3510217],
            [121.0154976, 14.3510754],
            [121.0155324, 14.3512074],
            [121.0156097, 14.3512812],
            [121.0157529, 14.3513566],
            [121.0159019, 14.3514283],
            [121.0160817, 14.3515359],
            [121.0161817, 14.3516175],
            [121.01613, 14.3518757],
            [121.0160984, 14.3521377],
            [121.0161096, 14.3522458],
            [121.0162829, 14.3522775],
            [121.0165874, 14.3520922],
            [121.0167666, 14.3522034],
            [121.017001, 14.3523505],
            [121.0172419, 14.3523983],
            [121.0174704, 14.3523692],
            [121.0176469, 14.3523926],
            [121.0177955, 14.3526098],
            [121.0179758, 14.3527829],
            [121.0182048, 14.3527803],
            [121.0184553, 14.3527408],
            [121.0186957, 14.3527507],
            [121.0189719, 14.3528759],
            [121.0192407, 14.352917],
            [121.0194504, 14.3530526],
            [121.0195352, 14.3532283],
            [121.0195958, 14.3536918],
            [121.0197782, 14.3539423],
            [121.0200244, 14.3541637],
            [121.0202792, 14.3543425],
            [121.0205877, 14.3544745],
            [121.0206703, 14.3546029],
            [121.02071, 14.3547785],
            [121.0206848, 14.3549661],
            [121.02073, 14.3552413],
            [121.0208652, 14.3552704],
            [121.0211542, 14.3552281],
            [121.0213462, 14.3554827],
            [121.0215731, 14.3556443],
            [121.0218869, 14.3556287],
            [121.022256, 14.3556922],
            [121.0225049, 14.3558678],
            [121.0227359, 14.3560775],
            [121.0227254, 14.3562623],
            [121.0227447, 14.3565159],
            [121.0227748, 14.3568209],
            [121.0228842, 14.3571047],
            [121.0230827, 14.3573604],
            [121.0241019, 14.3581757],
            [121.0242376, 14.3581789],
            [121.024405, 14.3579954],
            [121.0245509, 14.3580786],
            [121.0247033, 14.3582693],
            [121.0252016, 14.358718],
            [121.0257858, 14.3592442],
            [121.025907, 14.3594505],
            [121.0260009, 14.3597914],
            [121.0260497, 14.3600627],
            [121.0262219, 14.3602482],
            [121.0262852, 14.3604961],
            [121.0262353, 14.3608989],
            [121.0264317, 14.3611894],
            [121.0264743, 14.3613357],
            [121.0265384, 14.3615558],
            [121.0265363, 14.3619434],
            [121.0266693, 14.3623472],
            [121.0269628, 14.3626595],
            [121.0273141, 14.3627526],
            [121.027768, 14.3628264],
            [121.0281317, 14.3631013],
            [121.0285839, 14.3634126],
            [121.0287899, 14.3637722],
            [121.0289476, 14.3641952],
            [121.0291858, 14.3644789],
            [121.0292341, 14.364931],
            [121.029159, 14.3653717],
            [121.0291461, 14.365749],
            [121.0296128, 14.3659205],
            [121.0301535, 14.3660005],
            [121.0306792, 14.3659537],
            [121.0313627, 14.3656929],
            [121.0319785, 14.365433],
            [121.0324913, 14.3653977],
            [121.0327619, 14.3655862],
            [121.0328904, 14.3656757],
            [121.0331318, 14.3658826],
            [121.0335036, 14.3662276],
            [121.0338512, 14.3663425],
            [121.0341886, 14.3662983],
            [121.0345373, 14.3663009],
            [121.0349332, 14.3665311],
            [121.0352374, 14.3667546],
            [121.0354917, 14.3667509],
            [121.0357513, 14.3665649],
            [121.0359283, 14.3664121],
            [121.0361407, 14.3663565],
            [121.0363028, 14.3664531],
            [121.0364572, 14.3667878],
            [121.0364937, 14.3669744],
            [121.0365055, 14.3672628],
            [121.0367099, 14.3675263],
            [121.0369481, 14.3676505],
            [121.0372646, 14.3677227],
            [121.0375961, 14.3680043],
            [121.0379539, 14.368049],
            [121.0382827, 14.3681104],
            [121.0386607, 14.3681228],
            [121.0389776, 14.368643],
            [121.0391902, 14.3689941],
            [121.0393624, 14.3691661],
            [121.0395539, 14.3691396],
            [121.0400053, 14.3690234],
            [121.0402672, 14.3691087],
            [121.0405719, 14.3692619],
            [121.0407435, 14.369384],
            [121.0410064, 14.3697374],
            [121.0412585, 14.3698517],
            [121.041634, 14.3698569],
            [121.041795, 14.3699816],
            [121.0419237, 14.3701323],
            [121.0422955, 14.3708682],
            [121.0425538, 14.3711437],
            [121.0427195, 14.3713205],
            [121.0429, 14.3717173],
            [121.0430663, 14.3718836],
            [121.0432434, 14.3719823],
            [121.0433989, 14.3719927],
            [121.0435813, 14.3717225],
            [121.0436403, 14.3715094],
            [121.0437422, 14.3713587],
            [121.0440587, 14.3711093],
            [121.0441607, 14.3709222],
            [121.0441955, 14.3708495],
            [121.044166, 14.3707585],
            [121.0440963, 14.3706104],
            [121.0440775, 14.3704338],
            [121.0441433, 14.3702649],
            [121.0442559, 14.3701935],
            [121.0443592, 14.3700401],
            [121.0443538, 14.3698869],
            [121.044382, 14.3698414],
            [121.0446167, 14.369831],
            [121.0447669, 14.3697557],
            [121.0448392, 14.3696543],
            [121.0449063, 14.369475],
            [121.044917, 14.3691554],
            [121.0449171, 14.3689994],
            [121.0449278, 14.3688306],
            [121.0449358, 14.3687033],
            [121.0449358, 14.3685422],
            [121.0449359, 14.3684331],
            [121.04496, 14.3683187],
            [121.045027, 14.368259],
            [121.0451692, 14.3682694],
            [121.0452202, 14.3683655],
            [121.0452255, 14.3684071],
            [121.0452175, 14.3684902],
            [121.0452175, 14.3686409],
            [121.0452657, 14.3687345],
            [121.045361, 14.3687799],
            [121.0454776, 14.3687929],
            [121.0455514, 14.3687799],
            [121.045589, 14.3687553],
            [121.0455876, 14.3686188],
            [121.0455232, 14.368359],
            [121.045432, 14.368029],
            [121.0453918, 14.3677185],
            [121.0453998, 14.3674223],
            [121.0454856, 14.3673093],
            [121.0455595, 14.3672729],
            [121.0457337, 14.3672586],
            [121.0457888, 14.3672002],
            [121.0458639, 14.3671079],
            [121.0459457, 14.3670418],
            [121.0460341, 14.3670183],
            [121.0462131, 14.3670671],
            [121.046328, 14.3671184],
            [121.046348, 14.3671794],
            [121.0463011, 14.3672521],
            [121.0461911, 14.3673651],
            [121.0461723, 14.3674509],
            [121.0461884, 14.367534],
            [121.046285, 14.3676172],
            [121.046379, 14.367675],
            [121.046521, 14.3676386],
            [121.0466309, 14.3676533],
            [121.0467141, 14.3677003],
            [121.0467356, 14.3678666],
            [121.0467624, 14.3679446],
            [121.0468482, 14.3679758],
            [121.0469984, 14.3679134],
            [121.0470682, 14.3679238],
            [121.0471916, 14.3679913],
            [121.047374, 14.3680381],
            [121.0475349, 14.3680381],
            [121.0477191, 14.3680212],
            [121.0478427, 14.3679293],
            [121.0479607, 14.3677594],
            [121.0481048, 14.367572],
            [121.0481687, 14.3674313],
            [121.0482267, 14.3673616],
            [121.0483181, 14.3673106],
            [121.0485434, 14.3673677],
            [121.0487419, 14.3675081],
            [121.0488331, 14.3676795],
            [121.0489511, 14.3678718],
            [121.049233, 14.3679711],
            [121.0493105, 14.3680849],
            [121.0494419, 14.3682772],
            [121.0495415, 14.3684708],
            [121.0496116, 14.3686603],
            [121.0495978, 14.3689355],
            [121.0496243, 14.3690306],
            [121.0497128, 14.3690878],
            [121.0499371, 14.3691772],
            [121.0502546, 14.3690774],
            [121.0506302, 14.3690774],
            [121.0508595, 14.3691645],
            [121.0508542, 14.3694074],
            [121.0508824, 14.3694711],
            [121.050944, 14.369497],
            [121.0511398, 14.3695036],
            [121.0513114, 14.3695555],
            [121.0515261, 14.3696698],
            [121.0516843, 14.3699089],
            [121.0517782, 14.3700492],
            [121.0517862, 14.3701557],
            [121.051703, 14.3701609],
            [121.0516172, 14.3701427],
            [121.0514455, 14.3701168],
            [121.0513866, 14.3701401],
            [121.0513275, 14.3702233],
            [121.0513436, 14.370322],
            [121.0513973, 14.3703766],
            [121.0514777, 14.3704311],
            [121.051636, 14.3704649],
            [121.0518211, 14.3704805],
            [121.0519552, 14.3704961],
            [121.0520517, 14.3705818],
            [121.0521667, 14.3707845],
            [121.0522395, 14.3709222],
            [121.0522073, 14.3710521],
            [121.0521054, 14.3711249],
            [121.0520142, 14.3711093],
            [121.0519123, 14.3710781],
            [121.0518747, 14.3711769],
            [121.051813, 14.37126],
            [121.0517988, 14.3713377],
            [121.0518144, 14.3714024],
            [121.0519659, 14.371499],
            [121.0522073, 14.3716861],
            [121.0523039, 14.3717952],
            [121.0523468, 14.3720031],
            [121.0523923, 14.3722967],
            [121.0524563, 14.3725483],
            [121.0525292, 14.372806],
            [121.0526257, 14.3729307],
            [121.0526834, 14.3730632],
            [121.0526827, 14.3731639],
            [121.0526298, 14.3732776],
            [121.0525694, 14.3733952],
            [121.0526016, 14.3735049],
            [121.0526606, 14.3735906],
            [121.0527652, 14.3736946],
            [121.0528564, 14.3738375],
            [121.0528564, 14.373957],
            [121.052851, 14.3740194],
            [121.0528403, 14.3741077],
            [121.0527759, 14.3741337],
            [121.0525935, 14.3741804],
            [121.052497, 14.3742532],
            [121.0524433, 14.3744974],
            [121.0525023, 14.3747209],
            [121.0526043, 14.3748716],
            [121.0527276, 14.3749651],
            [121.053012, 14.3750742],
            [121.0531783, 14.3750898],
            [121.0534518, 14.3750379],
            [121.0535591, 14.3749963],
            [121.0536557, 14.3749287],
            [121.0536611, 14.3748144],
            [121.0535967, 14.3745962],
            [121.0535752, 14.3743935],
            [121.053543, 14.3741597],
            [121.0535752, 14.3740142],
            [121.0536932, 14.3740142],
            [121.0538864, 14.3741337],
            [121.0539561, 14.3743831],
            [121.0540473, 14.374856],
            [121.054058, 14.3751522],
            [121.0541278, 14.37536],
            [121.0544389, 14.3756926],
            [121.054691, 14.3759576],
            [121.0548949, 14.3762954],
            [121.0550612, 14.3764461],
            [121.0553455, 14.3767631],
            [121.0555976, 14.3770749],
            [121.0557585, 14.3773139],
            [121.055839, 14.377501],
            [121.0558444, 14.3776153],
            [121.0559785, 14.3777504],
            [121.056075, 14.377818],
            [121.0562682, 14.3778543],
            [121.0563862, 14.3779167],
            [121.0564862, 14.3780085],
            [121.0564424, 14.3782775],
            [121.0563873, 14.3785102],
            [121.0563384, 14.3788687],
            [121.0563438, 14.3790557],
            [121.0564, 14.3791956],
            [121.0565176, 14.379321],
            [121.0567952, 14.3794314],
            [121.0568904, 14.3795159],
            [121.0570225, 14.3797287],
            [121.0571723, 14.3799196],
            [121.057333, 14.3800278],
            [121.0580518, 14.3802786],
            [121.0582343, 14.3803903],
            [121.0583496, 14.3804682],
            [121.0584381, 14.3805669],
            [121.0621047, 14.3814971],
            [121.0741853, 14.3875455],
            [121.0931967, 14.4009306],
            [121.1045263, 14.4065836],
            [121.1160277, 14.4100751],
            [121.1343954, 14.4114052],
            [121.1436651, 14.3987691],
            [121.1567114, 14.3773194],
            [121.1652945, 14.3528741],
            [121.1725043, 14.3300894],
            [121.1776541, 14.3167834],
            [121.1846922, 14.306138],
            [121.1991118, 14.28784],
            [121.2049483, 14.2756961],
            [121.2075232, 14.2662133],
            [121.212673, 14.2613886],
            [121.2214277, 14.2568965],
            [121.2381048, 14.253142],
            [121.2518552, 14.2498599],
            [121.2645819, 14.2538538],
            [121.2742994, 14.2549],
            [121.2974463, 14.2572615],
            [121.3101767, 14.2585603],
            [121.3184165, 14.2615549],
            [121.3243388, 14.2649655],
            [121.3365268, 14.2762782],
            [121.3504314, 14.2868419],
            [121.3605594, 14.2938285],
            [121.3660525, 14.2979872],
            [121.3707732, 14.3040587],
            [121.3782405, 14.3134566],
            [121.3821029, 14.3171991],
            [121.3869094, 14.3195277],
            [121.3963508, 14.3223553],
            [121.3898277, 14.3343304],
            [121.3805049, 14.3376728],
            [121.3797855, 14.3383739],
            [121.3796997, 14.3388832],
            [121.3795656, 14.3391795],
            [121.379469, 14.3398239],
            [121.3798445, 14.3408218],
            [121.3796943, 14.3411986],
            [121.3796353, 14.3413753],
            [121.379689, 14.3415286],
            [121.3797614, 14.3416378],
            [121.3798821, 14.3420042],
            [121.3798097, 14.342368],
            [121.3797963, 14.3426071],
            [121.3799277, 14.3426798],
            [121.380043, 14.3427786],
            [121.3801141, 14.3430228],
            [121.3799719, 14.3431398],
            [121.3800216, 14.3433321],
            [121.3798606, 14.3439142],
            [121.3799197, 14.3443453],
            [121.3800848, 14.3446143],
            [121.3799143, 14.3453382],
            [121.3803434, 14.3453694],
            [121.3803005, 14.3458267],
            [121.3801288, 14.3459722],
            [121.3796782, 14.3462529],
            [121.3793671, 14.3466375],
            [121.3790238, 14.346835],
            [121.3785635, 14.3479579],
            [121.3777823, 14.3487185],
            [121.3761772, 14.3513094],
            [121.3763255, 14.3518709],
            [121.3762343, 14.3525361],
            [121.376245, 14.3531598],
            [121.3757998, 14.3536535],
            [121.3756335, 14.3545058],
            [121.375215, 14.3548488],
            [121.3746786, 14.3556491],
            [121.3745016, 14.356226],
            [121.3726958, 14.3567879],
            [121.3713533, 14.3568911],
            [121.367606, 14.360935],
            [121.367043, 14.363264],
            [121.366016, 14.365524],
            [121.36525, 14.372089],
            [121.36526, 14.375393],
            [121.36559, 14.378797],
            [121.365595, 14.380642],
            [121.365924, 14.383522],
            [121.366718, 14.387238],
            [121.367402, 14.389842],
            [121.3688295, 14.3913096],
            [121.3703871, 14.395402],
            [121.3700815, 14.404714],
            [121.3698793, 14.4058629],
            [121.369624, 14.407174],
            [121.369378, 14.408356],
            [121.368745, 14.411172],
            [121.367792, 14.414266],
            [121.367123, 14.417394],
            [121.366739, 14.420036],
            [121.366283, 14.422469],
            [121.366005, 14.425214],
            [121.365631, 14.431573],
            [121.3659277, 14.4344213],
            [121.3674674, 14.440644],
            [121.3688119, 14.4447465],
            [121.3719999, 14.4495243],
            [121.3737547, 14.4535323],
            [121.373518, 14.454147],
            [121.3732792, 14.454093],
            [121.3728894, 14.4539917],
            [121.3723671, 14.4541996],
            [121.3724142, 14.4546654],
            [121.3731731, 14.4558763],
            [121.3737045, 14.4569202],
            [121.3740178, 14.459782],
            [121.3737878, 14.4660218],
            [121.3726885, 14.4738293],
            [121.3728934, 14.4796148],
            [121.372725, 14.4897913],
            [121.3800809, 14.5059582],
            [121.3837906, 14.5143925],
            [121.3849951, 14.5170841],
            [121.3875254, 14.5235132],
            [121.3919579, 14.5289607],
            [121.3968615, 14.5366687],
            [121.4061537, 14.5482539],
            [121.4071341, 14.5492809],
            [121.408252, 14.5505012],
            [121.4116857, 14.5542496],
            [121.4142477, 14.560151],
            [121.4185151, 14.5634278],
            [121.4233723, 14.5675194],
            [121.4248747, 14.5752541],
            [121.4318032, 14.5798696],
            [121.4510707, 14.5815501],
            [121.4643763, 14.5652635],
            [121.4757431, 14.551962],
            [121.4803719, 14.5473359],
            [121.4843079, 14.5435981],
            [121.4933386, 14.5342567],
            [121.4985834, 14.5288711],
            [121.5061279, 14.5207161],
            [121.5074921, 14.5125742],
            [121.5079001, 14.5081715],
            [121.5105696, 14.4960145],
            [121.51085, 14.4952774],
            [121.5124906, 14.4911225],
            [121.5125648, 14.4881927],
            [121.5111836, 14.4716074],
            [121.5122182, 14.46543],
            [121.5129811, 14.4618693],
            [121.5132823, 14.4611545],
            [121.5153017, 14.4563629],
            [121.5161106, 14.4542812],
            [121.5186268, 14.4482186],
            [121.5218047, 14.4416474],
            [121.525614, 14.4345114],
            [121.5274795, 14.4280821],
            [121.5311901, 14.4196359],
            [121.5356712, 14.4136019],
            [121.5378215, 14.4083939],
            [121.538298, 14.4073648],
            [121.5414246, 14.4006123],
            [121.5415658, 14.40074],
            [121.5420533, 14.4012096],
            [121.5423569, 14.4014565],
            [121.5426018, 14.401716],
            [121.5427148, 14.4019076],
            [121.5427995, 14.40209],
            [121.5428278, 14.4022816],
            [121.5427995, 14.402464],
            [121.5427054, 14.4026464],
            [121.5426489, 14.4028106],
            [121.5423852, 14.4037228],
            [121.5424228, 14.4039143],
            [121.5425547, 14.4040603],
            [121.5429502, 14.4041697],
            [121.543148, 14.404188],
            [121.5435341, 14.404343],
            [121.5437319, 14.4043887],
            [121.5439391, 14.404416],
            [121.5446642, 14.404416],
            [121.5448149, 14.4045528],
            [121.5450974, 14.4048356],
            [121.5453329, 14.4051457],
            [121.5455118, 14.4052552],
            [121.5456907, 14.4053373],
            [121.5459639, 14.4053373],
            [121.5461993, 14.4054103],
            [121.5463594, 14.4057569],
            [121.5464912, 14.4059119],
            [121.546576, 14.4060944],
            [121.5466231, 14.4062859],
            [121.5466231, 14.4068241],
            [121.5465383, 14.4073714],
            [121.5465383, 14.4075447],
            [121.5466042, 14.4079095],
            [121.5465854, 14.408092],
            [121.5465205, 14.4082635],
            [121.5466004, 14.4085086],
            [121.5467735, 14.4087278],
            [121.5470532, 14.4087407],
            [121.5473329, 14.4086634],
            [121.5476126, 14.4087278],
            [121.5478789, 14.408831],
            [121.548758, 14.4088568],
            [121.5490377, 14.4088955],
            [121.549304, 14.4090116],
            [121.5528467, 14.3983288],
            [121.581987, 14.394967],
            [121.5832899, 14.3947786],
            [121.5920692, 14.393754],
            [121.6140167, 14.3914654],
            [121.6160216, 14.387105],
            [121.6153907, 14.3719981],
            [121.6144879, 14.3518968],
            [121.6105319, 14.3351384],
            [121.609834, 14.3127159],
            [121.609174, 14.3091639],
            [121.6148843, 14.3083286],
            [121.613511, 14.3038686],
            [121.6115262, 14.2975274],
            [121.6115845, 14.2890828],
            [121.6126799, 14.2797526],
            [121.6131903, 14.2754051],
            [121.6143821, 14.2720662],
            [121.6137054, 14.2620903],
            [121.6159915, 14.2587265],
            [121.6136766, 14.2556293],
            [121.6200224, 14.2478001],
            [121.6207409, 14.241854],
            [121.620003, 14.2359689],
            [121.6161231, 14.2269569],
            [121.6150903, 14.218627],
            [121.6089381, 14.2125673],
            [121.6065963, 14.2113595],
            [121.6007054, 14.208321],
            [121.5968923, 14.1999492],
            [121.595329, 14.1977839],
            [121.5998708, 14.191497],
            [121.6013078, 14.1879485],
            [121.6029882, 14.1877988],
            [121.6028166, 14.1859811],
            [121.602889, 14.1858537],
            [121.60283, 14.1856951],
            [121.6028595, 14.1853856],
            [121.6028649, 14.1852036],
            [121.6026583, 14.1850268],
            [121.6026261, 14.1848265],
            [121.6025296, 14.1845717],
            [121.6024733, 14.1842675],
            [121.6024706, 14.184036],
            [121.6024947, 14.183724],
            [121.602543, 14.1834353],
            [121.6027254, 14.1831727],
            [121.6029185, 14.1830843],
            [121.6032377, 14.1830426],
            [121.6034844, 14.1830166],
            [121.6040102, 14.1829282],
            [121.6043588, 14.182832],
            [121.6045949, 14.182728],
            [121.6048148, 14.1827384],
            [121.6050401, 14.1828086],
            [121.6052815, 14.182806],
            [121.6054237, 14.1826396],
            [121.6057026, 14.181537],
            [121.6053271, 14.1812197],
            [121.6043347, 14.1804916],
            [121.604324, 14.1800027],
            [121.6044581, 14.1795294],
            [121.6043723, 14.1791965],
            [121.6044903, 14.1789573],
            [121.6045707, 14.1785568],
            [121.6045332, 14.1783592],
            [121.6037607, 14.1761383],
            [121.6037446, 14.1758367],
            [121.6037714, 14.1755922],
            [121.6038787, 14.1753582],
            [121.6040772, 14.1751501],
            [121.6042703, 14.1750929],
            [121.6046566, 14.1750825],
            [121.6049194, 14.1749317],
            [121.6050804, 14.1749057],
            [121.6059333, 14.1730593],
            [121.6059333, 14.1729085],
            [121.6062123, 14.1727056],
            [121.6064805, 14.1726744],
            [121.6069096, 14.1725808],
            [121.6073978, 14.1723832],
            [121.6077626, 14.1721387],
            [121.6080308, 14.171837],
            [121.6082668, 14.1716082],
            [121.6086799, 14.171629],
            [121.6091037, 14.1717382],
            [121.6095328, 14.1718162],
            [121.6098386, 14.171655],
            [121.6100156, 14.1712909],
            [121.6101873, 14.170958],
            [121.6101712, 14.170646],
            [121.6124618, 14.1676241],
            [121.6126174, 14.1671715],
            [121.612848, 14.1666098],
            [121.6128588, 14.1659701],
            [121.6127568, 14.1653823],
            [121.6126817, 14.1646957],
            [121.612671, 14.1644227],
            [121.6126683, 14.1639415],
            [121.6127568, 14.1635462],
            [121.6128212, 14.1630937],
            [121.613009, 14.1626412],
            [121.6133362, 14.16248],
            [121.613819, 14.1625372],
            [121.6141194, 14.1625268],
            [121.6145593, 14.1625112],
            [121.6151474, 14.1625295],
            [121.6148156, 14.1619732],
            [121.6144663, 14.1613311],
            [121.6140442, 14.16095],
            [121.6138841, 14.1607666],
            [121.6137749, 14.160195],
            [121.6131927, 14.1598069],
            [121.612727, 14.1596376],
            [121.6120065, 14.1597011],
            [121.6113879, 14.1597152],
            [121.6111987, 14.1597293],
            [121.6109586, 14.1601597],
            [121.6107257, 14.1605267],
            [121.6105146, 14.1607595],
            [121.6102235, 14.1607454],
            [121.6100925, 14.1605267],
            [121.6100125, 14.159814],
            [121.6098306, 14.1588331],
            [121.6094885, 14.1584521],
            [121.60895, 14.158311],
            [121.6085061, 14.1583039],
            [121.607971, 14.1584857],
            [121.6076546, 14.1585932],
            [121.6072398, 14.1588825],
            [121.6067556, 14.1591826],
            [121.6063125, 14.1591473],
            [121.6057407, 14.158819],
            [121.6050566, 14.1586356],
            [121.6044453, 14.158685],
            [121.6039492, 14.1588483],
            [121.603284, 14.159098],
            [121.6025651, 14.1591812],
            [121.6015673, 14.159098],
            [121.6009558, 14.1591396],
            [121.6003657, 14.1590876],
            [121.5998507, 14.1591188],
            [121.5994752, 14.1590772],
            [121.598971, 14.1589836],
            [121.5985204, 14.158942],
            [121.5980697, 14.1591396],
            [121.5978874, 14.1593685],
            [121.5975888, 14.1595654],
            [121.597029, 14.1600759],
            [121.596962, 14.1603958],
            [121.5964389, 14.1606584],
            [121.5961681, 14.1607468],
            [121.5961788, 14.1609029],
            [121.5959535, 14.1610797],
            [121.5955029, 14.1611942],
            [121.5949101, 14.1611057],
            [121.5946151, 14.1607417],
            [121.5944112, 14.1606585],
            [121.59429, 14.1606343],
            [121.5940464, 14.1605856],
            [121.5938229, 14.1606716],
            [121.5936247, 14.1607162],
            [121.5931398, 14.1607299],
            [121.5928808, 14.1607422],
            [121.5927788, 14.1607608],
            [121.5923683, 14.1608603],
            [121.5919188, 14.1608706],
            [121.5914516, 14.1608363],
            [121.5909498, 14.1609644],
            [121.5904563, 14.1609239],
            [121.5900996, 14.16075],
            [121.5897247, 14.160576],
            [121.5894211, 14.1603978],
            [121.5889968, 14.1602337],
            [121.5885827, 14.1600631],
            [121.5884046, 14.160196],
            [121.5882381, 14.1604866],
            [121.5883212, 14.1608252],
            [121.588339, 14.1611637],
            [121.5882381, 14.1614716],
            [121.5879883, 14.16173],
            [121.5876862, 14.1619572],
            [121.5873388, 14.1620852],
            [121.586989, 14.1620207],
            [121.586656, 14.1619076],
            [121.5861788, 14.161757],
            [121.5859507, 14.1615195],
            [121.5857547, 14.1613979],
            [121.5854661, 14.161259],
            [121.5850514, 14.1612365],
            [121.5847419, 14.1613193],
            [121.5843799, 14.1612417],
            [121.5840951, 14.161011],
            [121.5839231, 14.1610704],
            [121.5837674, 14.1611725],
            [121.5835223, 14.161259],
            [121.5831027, 14.1612679],
            [121.5826989, 14.1613069],
            [121.5823759, 14.1612294],
            [121.5820428, 14.1613425],
            [121.5817764, 14.1615847],
            [121.5816057, 14.1618896],
            [121.5815668, 14.1622207],
            [121.5815501, 14.1625656],
            [121.5813926, 14.1630055],
            [121.5810714, 14.1632409],
            [121.5806439, 14.1633465],
            [121.5800683, 14.1632659],
            [121.5798243, 14.1631366],
            [121.579654, 14.1627763],
            [121.5796613, 14.1623598],
            [121.5797446, 14.1620368],
            [121.5798945, 14.1617461],
            [121.5799966, 14.1614425],
            [121.5799162, 14.1611788],
            [121.5796203, 14.1609349],
            [121.5792706, 14.160838],
            [121.5789209, 14.1608057],
            [121.5786391, 14.1606829],
            [121.5782201, 14.1606953],
            [121.577873, 14.1606949],
            [121.5775553, 14.1606766],
            [121.5771889, 14.1606927],
            [121.5768225, 14.1606443],
            [121.5765712, 14.1606205],
            [121.5763728, 14.1604505],
            [121.5761852, 14.1602677],
            [121.5760523, 14.159691],
            [121.5758025, 14.1594488],
            [121.5754361, 14.1594326],
            [121.5750864, 14.1595618],
            [121.5746818, 14.1597734],
            [121.5744615, 14.15985],
            [121.5740515, 14.1600165],
            [121.573675, 14.1599363],
            [121.5733667, 14.1597144],
            [121.5730782, 14.15952],
            [121.5727333, 14.159267],
            [121.5724265, 14.1591893],
            [121.5720398, 14.1590701],
            [121.5713914, 14.1588454],
            [121.5709827, 14.1586126],
            [121.5706973, 14.1585861],
            [121.5704845, 14.1588283],
            [121.5704518, 14.1590818],
            [121.5704518, 14.1600668],
            [121.5701853, 14.1607288],
            [121.5699854, 14.1610033],
            [121.5696256, 14.1613058],
            [121.5692925, 14.1614188],
            [121.5686929, 14.1616449],
            [121.5683432, 14.1617579],
            [121.5681202, 14.1618753],
            [121.5679318, 14.1621627],
            [121.567725, 14.1622418],
            [121.5674314, 14.1620831],
            [121.5669479, 14.1616974],
            [121.5667933, 14.1614999],
            [121.5666408, 14.1611874],
            [121.5665768, 14.160854],
            [121.5663936, 14.1605633],
            [121.5659773, 14.1600143],
            [121.5656442, 14.1598528],
            [121.5649114, 14.1598528],
            [121.5646283, 14.1600628],
            [121.5643785, 14.1603211],
            [121.5642768, 14.1606279],
            [121.5642732, 14.1608935],
            [121.5641115, 14.1612205],
            [121.5637295, 14.1614017],
            [121.5634686, 14.1614865],
            [121.5633793, 14.1612093],
            [121.5630129, 14.1611608],
            [121.5626465, 14.161177],
            [121.5622968, 14.1612254],
            [121.5617386, 14.1609581],
            [121.5615322, 14.161123],
            [121.5613136, 14.1612761],
            [121.5611314, 14.1615351],
            [121.5609857, 14.1620061],
            [121.5607185, 14.162065],
            [121.5604392, 14.162065],
            [121.560172, 14.1620532],
            [121.5599292, 14.161959],
            [121.5596498, 14.161959],
            [121.5595504, 14.1620606],
            [121.5592513, 14.1621915],
            [121.5590791, 14.1623476],
            [121.5590791, 14.1625831],
            [121.5591432, 14.1628287],
            [121.559115, 14.1630292],
            [121.5590305, 14.1631601],
            [121.5587633, 14.1632307],
            [121.5585083, 14.163266],
            [121.5582168, 14.163266],
            [121.557974, 14.1631718],
            [121.5577432, 14.1630776],
            [121.5575125, 14.1629481],
            [121.5573182, 14.162795],
            [121.5571725, 14.162536],
            [121.5569787, 14.162324],
            [121.5568324, 14.1622416],
            [121.5565774, 14.1622652],
            [121.5560552, 14.16243],
            [121.5558002, 14.1625007],
            [121.5555452, 14.162536],
            [121.5553023, 14.162642],
            [121.5550393, 14.1628065],
            [121.5548772, 14.1629363],
            [121.5547436, 14.1631483],
            [121.5547072, 14.1633838],
            [121.5547679, 14.1636193],
            [121.5548408, 14.1641138],
            [121.5548529, 14.1643493],
            [121.5547315, 14.164573],
            [121.5544522, 14.1647026],
            [121.5538693, 14.1647026],
            [121.5533228, 14.1647968],
            [121.5530799, 14.1649145],
            [121.5528735, 14.165362],
            [121.5526427, 14.1654679],
            [121.5523756, 14.1654679],
            [121.552157, 14.1653149],
            [121.5521084, 14.1650911],
            [121.5518534, 14.1650676],
            [121.5514375, 14.1653291],
            [121.5512506, 14.1655634],
            [121.5511413, 14.1659109],
            [121.5510821, 14.1662223],
            [121.5511651, 14.1663818],
            [121.5510883, 14.1665159],
            [121.5510761, 14.1667632],
            [121.5510474, 14.1668522],
            [121.551155, 14.1669355],
            [121.551239, 14.1670641],
            [121.551183, 14.1673308],
            [121.5510462, 14.1674927],
            [121.5509199, 14.1676232],
            [121.5508539, 14.1676975],
            [121.5506632, 14.1677993],
            [121.5504447, 14.1679524],
            [121.5500925, 14.1683174],
            [121.5499589, 14.1685294],
            [121.5498739, 14.1687648],
            [121.5497282, 14.1689768],
            [121.5494974, 14.1691063],
            [121.5492424, 14.1691887],
            [121.5489874, 14.1692241],
            [121.5487323, 14.1692358],
            [121.5483861, 14.1691724],
            [121.5481526, 14.1692378],
            [121.5480164, 14.1695461],
            [121.548113, 14.1698246],
            [121.5482344, 14.1700365],
            [121.5484409, 14.1702131],
            [121.5485502, 14.1704251],
            [121.5486959, 14.170637],
            [121.5487445, 14.1708725],
            [121.5486473, 14.171108],
            [121.5485016, 14.1713199],
            [121.548368, 14.1715319],
            [121.5481832, 14.1716553],
            [121.5480642, 14.1717623],
            [121.5478753, 14.1719454],
            [121.5476713, 14.1719911],
            [121.5473848, 14.1719276],
            [121.5470435, 14.1719485],
            [121.5467248, 14.1719704],
            [121.5464887, 14.1719548],
            [121.5462912, 14.1719548],
            [121.5461253, 14.1719308],
            [121.5459665, 14.1718299],
            [121.5456306, 14.1718361],
            [121.5454582, 14.1718216],
            [121.5451405, 14.1720131],
            [121.5449516, 14.1720714],
            [121.5445995, 14.1722545],
            [121.5442389, 14.1724044],
            [121.5440585, 14.1724627],
            [121.5437101, 14.1725329],
            [121.5434924, 14.1725534],
            [121.5433668, 14.1726289],
            [121.5432571, 14.1726753],
            [121.5431837, 14.172811],
            [121.5433788, 14.1729657],
            [121.5437972, 14.1732257],
            [121.5440068, 14.1734717],
            [121.5440814, 14.1737736],
            [121.5440923, 14.1740319],
            [121.5441311, 14.1743105],
            [121.5440977, 14.1746248],
            [121.5439689, 14.1748485],
            [121.5437436, 14.1749577],
            [121.543411, 14.1749733],
            [121.5430731, 14.1750097],
            [121.5427458, 14.1750461],
            [121.5425956, 14.1751293],
            [121.5423381, 14.1754882],
            [121.5421718, 14.1757587],
            [121.5419412, 14.1760395],
            [121.5416488, 14.176232],
            [121.5413806, 14.1763594],
            [121.5410855, 14.176453],
            [121.54082, 14.176609],
            [121.5405006, 14.176743],
            [121.5401334, 14.1770745],
            [121.5399483, 14.1773086],
            [121.5397257, 14.1776596],
            [121.5395781, 14.1779353],
            [121.5394199, 14.1781173],
            [121.5392843, 14.178293],
            [121.5392214, 14.1781043],
            [121.5390229, 14.1778287],
            [121.5388781, 14.1774646],
            [121.5387332, 14.1771734],
            [121.5383792, 14.1770745],
            [121.5379661, 14.1769913],
            [121.5375745, 14.1769237],
            [121.5371615, 14.1768821],
            [121.5367967, 14.1769497],
            [121.536566, 14.1768925],
            [121.5361683, 14.1767432],
            [121.5360564, 14.1766012],
            [121.536102, 14.1765258],
            [121.5361664, 14.1762528],
            [121.5360403, 14.1761409],
            [121.5361261, 14.1760889],
            [121.5362119, 14.1760291],
            [121.5361798, 14.1759199],
            [121.5360108, 14.1758211],
            [121.5357989, 14.1758211],
            [121.5357372, 14.1759615],
            [121.5356219, 14.1758393],
            [121.5355816, 14.1756676],
            [121.535638, 14.1754882],
            [121.5355763, 14.175314],
            [121.5354449, 14.17521],
            [121.5352276, 14.175249],
            [121.5350667, 14.1751683],
            [121.5348159, 14.1750592],
            [121.5345865, 14.1748251],
            [121.5344095, 14.1744818],
            [121.5343183, 14.1741957],
            [121.5340432, 14.1739395],
            [121.5337443, 14.17366],
            [121.5335003, 14.1736808],
            [121.5332642, 14.1737745],
            [121.5331379, 14.1737691],
            [121.5330121, 14.1739253],
            [121.5328565, 14.1740501],
            [121.5326554, 14.1740527],
            [121.5324068, 14.1739397],
            [121.5321833, 14.1738421],
            [121.5319553, 14.1736964],
            [121.5317997, 14.1734962],
            [121.5316504, 14.173306],
            [121.5314296, 14.1732673],
            [121.5311989, 14.1731581],
            [121.5310568, 14.1731087],
            [121.5309119, 14.1729943],
            [121.5306839, 14.1728955],
            [121.5305793, 14.1727316],
            [121.5305525, 14.1725236],
            [121.5306947, 14.1723519],
            [121.5306448, 14.1720365],
            [121.5306799, 14.1715458],
            [121.5306244, 14.1713279],
            [121.530529, 14.1710367],
            [121.5304763, 14.1708621],
            [121.5304626, 14.1707448],
            [121.5303973, 14.1706466],
            [121.5303173, 14.1705993],
            [121.5301813, 14.1705039],
            [121.5300219, 14.1705001],
            [121.5297923, 14.1704724],
            [121.5296721, 14.1704814],
            [121.529592, 14.1704874],
            [121.5295889, 14.1704903],
            [121.5294749, 14.1704127],
            [121.5293794, 14.1703559],
            [121.5293424, 14.1703619],
            [121.5292931, 14.1703679],
            [121.5291637, 14.1703709],
            [121.5291298, 14.1703649],
            [121.5290436, 14.1703051],
            [121.5288957, 14.1703798],
            [121.5288957, 14.1704246],
            [121.528831, 14.1704694],
            [121.5287848, 14.1703977],
            [121.5287201, 14.1704097],
            [121.5286862, 14.1704097],
            [121.5285198, 14.170341],
            [121.528415, 14.1702932],
            [121.5283195, 14.1702633],
            [121.5282548, 14.1702215],
            [121.528187, 14.1701528],
            [121.5279775, 14.170093],
            [121.5279067, 14.1700751],
            [121.5278173, 14.1700811],
            [121.5276818, 14.1701139],
            [121.527614, 14.1700841],
            [121.5275431, 14.1700721],
            [121.5275339, 14.1702155],
            [121.5275369, 14.1702872],
            [121.5275523, 14.170329],
            [121.5275585, 14.1703709],
            [121.527503, 14.1704485],
            [121.5274071, 14.1705818],
            [121.5274163, 14.1706834],
            [121.5274225, 14.1708029],
            [121.527404, 14.1708627],
            [121.5273639, 14.1709373],
            [121.5273393, 14.1709821],
            [121.5273054, 14.1710001],
            [121.5272684, 14.1709971],
            [121.5272068, 14.1709851],
            [121.5271236, 14.1709702],
            [121.5270589, 14.1709851],
            [121.527025, 14.1709553],
            [121.526985, 14.1709821],
            [121.5269326, 14.1709881],
            [121.5269392, 14.1709743],
            [121.5268622, 14.1709743],
            [121.5267108, 14.1710001],
            [121.5266645, 14.1709433],
            [121.5266276, 14.1709015],
            [121.5265721, 14.1707999],
            [121.5264982, 14.1707641],
            [121.5264365, 14.170782],
            [121.5263626, 14.170782],
            [121.5261147, 14.1706966],
            [121.5259897, 14.1706534],
            [121.5258117, 14.1705804],
            [121.5257044, 14.170539],
            [121.5256466, 14.1705141],
            [121.5256366, 14.1704523],
            [121.5255828, 14.1703842],
            [121.5254848, 14.1703631],
            [121.5254591, 14.170381],
            [121.5254823, 14.1700829],
            [121.5254873, 14.1699233],
            [121.525524, 14.1696315],
            [121.5255426, 14.1694841],
            [121.5255717, 14.1693694],
            [121.5256487, 14.1690656],
            [121.5256992, 14.1688661],
            [121.5258163, 14.168578],
            [121.5259732, 14.1683228],
            [121.5262666, 14.1678896],
            [121.5263315, 14.1677626],
            [121.5264327, 14.1674605],
            [121.5265461, 14.1671957],
            [121.5266676, 14.1670015],
            [121.5268624, 14.1667745],
            [121.5272547, 14.1663981],
            [121.5273412, 14.1662852],
            [121.5274023, 14.1661141],
            [121.5274531, 14.1658279],
            [121.5275072, 14.1655984],
            [121.5275607, 14.165347],
            [121.5276391, 14.1651569],
            [121.5277525, 14.1649331],
            [121.5283094, 14.1643401],
            [121.5289185, 14.1638239],
            [121.5290296, 14.1637415],
            [121.5292097, 14.1636303],
            [121.5298216, 14.1634131],
            [121.5300173, 14.1633491],
            [121.5303179, 14.163296],
            [121.5310252, 14.1632285],
            [121.5312423, 14.1632262],
            [121.531514, 14.1632623],
            [121.5317231, 14.1633284],
            [121.5319201, 14.1634514],
            [121.5320612, 14.1635447],
            [121.5322371, 14.163681],
            [121.5324282, 14.1637976],
            [121.5325846, 14.1638291],
            [121.5328898, 14.1638235],
            [121.5332927, 14.163791],
            [121.533615, 14.1637652],
            [121.5337533, 14.1637347],
            [121.5339615, 14.1636506],
            [121.5340945, 14.1635623],
            [121.5342406, 14.1634423],
            [121.534381, 14.1632754],
            [121.5344804, 14.163131],
            [121.5348384, 14.1622071],
            [121.5351095, 14.1615945],
            [121.535202, 14.1613514],
            [121.5352707, 14.1611171],
            [121.5352755, 14.1609209],
            [121.5352699, 14.1607761],
            [121.5351705, 14.1604782],
            [121.5349643, 14.1599014],
            [121.5349235, 14.1596705],
            [121.5349416, 14.1594738],
            [121.535009, 14.1592835],
            [121.5352941, 14.1589262],
            [121.5353991, 14.158778],
            [121.5354779, 14.1585343],
            [121.5354771, 14.1582137],
            [121.535444, 14.1578056],
            [121.5353814, 14.1573059],
            [121.5353381, 14.1568746],
            [121.535333, 14.1567971],
            [121.5353309, 14.1567655],
            [121.5349355, 14.1569319],
            [121.5346627, 14.1572161],
            [121.5343795, 14.1572138],
            [121.5340294, 14.1573424],
            [121.5339517, 14.1571031],
            [121.5339993, 14.1570422],
            [121.53394, 14.1569243],
            [121.5337942, 14.1567963],
            [121.5336593, 14.1567762],
            [121.5335459, 14.1567952],
            [121.5333844, 14.15698],
            [121.5333089, 14.1570061],
            [121.5332347, 14.1570106],
            [121.533106, 14.1568945],
            [121.5331638, 14.1566852],
            [121.5331417, 14.1565994],
            [121.5330714, 14.1565552],
            [121.5330004, 14.1565968],
            [121.5329531, 14.156683],
            [121.5328854, 14.1567163],
            [121.5327506, 14.1567272],
            [121.53254, 14.1568],
            [121.5321902, 14.1568894],
            [121.532186, 14.1569963],
            [121.5320782, 14.1570881],
            [121.5319915, 14.1571667],
            [121.5318792, 14.1572159],
            [121.5316987, 14.1572333],
            [121.5313996, 14.1571506],
            [121.531203, 14.1572553],
            [121.5310298, 14.1572506],
            [121.5309254, 14.1571481],
            [121.5308426, 14.157162],
            [121.5307856, 14.1570935],
            [121.5307059, 14.157118],
            [121.5306481, 14.157205],
            [121.5306212, 14.157298],
            [121.5303224, 14.1573823],
            [121.5302358, 14.1573597],
            [121.5300885, 14.1573422],
            [121.5299517, 14.157337],
            [121.5298444, 14.1572889],
            [121.5296379, 14.1573097],
            [121.5295011, 14.1573435],
            [121.5293254, 14.157419],
            [121.5291832, 14.1574047],
            [121.5291591, 14.1574749],
            [121.5291001, 14.1575516],
            [121.529029, 14.1576465],
            [121.5289941, 14.1577311],
            [121.5289351, 14.1577961],
            [121.5287474, 14.1578325],
            [121.5286401, 14.1578247],
            [121.5284979, 14.1577493],
            [121.5283424, 14.1576972],
            [121.5282056, 14.157666],
            [121.5281358, 14.1577233],
            [121.5281224, 14.1578091],
            [121.5281734, 14.158168],
            [121.5281251, 14.158181],
            [121.5280554, 14.1582096],
            [121.5280232, 14.15835],
            [121.5280473, 14.1584437],
            [121.5280634, 14.1585815],
            [121.528058, 14.1587323],
            [121.5280634, 14.1589534],
            [121.5280849, 14.1591511],
            [121.5280741, 14.1592655],
            [121.5281251, 14.1593955],
            [121.5281063, 14.1595074],
            [121.5279829, 14.1596296],
            [121.5279561, 14.1597336],
            [121.5278703, 14.159809],
            [121.5278596, 14.1599027],
            [121.5277818, 14.1600795],
            [121.5276611, 14.1602902],
            [121.5276222, 14.1604072],
            [121.5275484, 14.160532],
            [121.5276021, 14.1607115],
            [121.5276799, 14.1609221],
            [121.5276852, 14.161047],
            [121.5275511, 14.1611718],
            [121.5273499, 14.1611952],
            [121.5271354, 14.161177],
            [121.5268001, 14.1610704],
            [121.5266526, 14.161008],
            [121.5264058, 14.1609768],
            [121.5262905, 14.1608987],
            [121.526159, 14.1608259],
            [121.5260383, 14.1607401],
            [121.5258291, 14.1605762],
            [121.5257594, 14.1604202],
            [121.5257111, 14.1602226],
            [121.5255971, 14.1601991],
            [121.5253624, 14.1603864],
            [121.5251398, 14.1605268],
            [121.5250272, 14.1608337],
            [121.5248072, 14.1609455],
            [121.5246034, 14.1608987],
            [121.5245819, 14.1606959],
            [121.5247321, 14.1605632],
            [121.5246892, 14.1604046],
            [121.5245846, 14.1602564],
            [121.5244478, 14.1601211],
            [121.5242305, 14.1600249],
            [121.5240401, 14.1599339],
            [121.5237397, 14.1597934],
            [121.5235546, 14.1597674],
            [121.5232381, 14.1598142],
            [121.5231442, 14.1599469],
            [121.5229618, 14.1598533],
            [121.522699, 14.1598376],
            [121.52242, 14.1598689],
            [121.5219882, 14.1599469],
            [121.5217763, 14.1600327],
            [121.5213472, 14.1600925],
            [121.5210173, 14.1600353],
            [121.5208563, 14.1598428],
            [121.5208831, 14.1596582],
            [121.5209797, 14.1596218],
            [121.5211889, 14.159614],
            [121.5213284, 14.1595334],
            [121.5214759, 14.1594163],
            [121.5216368, 14.1592447],
            [121.5216932, 14.1589742],
            [121.5217012, 14.1588208],
            [121.5213633, 14.158891],
            [121.5213203, 14.1589898],
            [121.5211219, 14.1590002],
            [121.5209931, 14.158917],
            [121.5208966, 14.1587011],
            [121.5208214, 14.1584411],
            [121.5208402, 14.1581316],
            [121.5208322, 14.1579105],
            [121.5207463, 14.1576764],
            [121.5206686, 14.1576192],
            [121.520462, 14.1576166],
            [121.5202475, 14.1575932],
            [121.5201938, 14.1575204],
            [121.5201536, 14.1573331],
            [121.5199792, 14.1572941],
            [121.5199631, 14.1571121],
            [121.5200758, 14.1569092],
            [121.5201187, 14.1566674],
            [121.5202796, 14.1563084],
            [121.5203306, 14.156116],
            [121.5204057, 14.1559365],
            [121.5205505, 14.1558429],
            [121.5207088, 14.155601],
            [121.520741, 14.1554606],
            [121.5208697, 14.155393],
            [121.5209958, 14.1553644],
            [121.5211192, 14.1551641],
            [121.5212452, 14.1549743],
            [121.5213954, 14.1548104],
            [121.521484, 14.1545581],
            [121.5214357, 14.1543553],
            [121.5213042, 14.154129],
            [121.5211353, 14.1539574],
            [121.5211192, 14.1538351],
            [121.5210924, 14.1536531],
            [121.5209717, 14.153614],
            [121.5209502, 14.1534814],
            [121.5210199, 14.1532499],
            [121.5210333, 14.1530757],
            [121.5208697, 14.1530237],
            [121.5207624, 14.1529144],
            [121.5207195, 14.1528156],
            [121.5209556, 14.1524671],
            [121.521197, 14.1522278],
            [121.5212774, 14.1520094],
            [121.5211862, 14.1516973],
            [121.5212828, 14.1512759],
            [121.5216476, 14.1509274],
            [121.5216154, 14.150735],
            [121.5215027, 14.1505009],
            [121.5215188, 14.1502772],
            [121.5217119, 14.15009],
            [121.5219694, 14.1500639],
            [121.5223074, 14.1501316],
            [121.5224646, 14.1499982],
            [121.522511, 14.1491487],
            [121.5223939, 14.1488855],
            [121.5219623, 14.1488483],
            [121.5217748, 14.1486274],
            [121.5214165, 14.1483169],
            [121.5209098, 14.1480507],
            [121.5206793, 14.1481497],
            [121.5204606, 14.1482497],
            [121.5202421, 14.1483942],
            [121.5200538, 14.1483843],
            [121.5198477, 14.1484488],
            [121.5195313, 14.1485399],
            [121.5192281, 14.1484566],
            [121.5189411, 14.1478406],
            [121.5188043, 14.1473071],
            [121.5183833, 14.1473331],
            [121.5180774, 14.1472316],
            [121.5178254, 14.1472758],
            [121.517667, 14.1473226],
            [121.5175731, 14.1475025],
            [121.5174176, 14.1476764],
            [121.5171467, 14.1483682],
            [121.516774, 14.1485711],
            [121.5162938, 14.1487457],
            [121.5156447, 14.1490054],
            [121.514671, 14.1493543],
            [121.5138851, 14.1492607],
            [121.5133004, 14.1493123],
            [121.5132178, 14.1490756],
            [121.5131535, 14.1487088],
            [121.5132152, 14.1484176],
            [121.5133278, 14.1481549],
            [121.5134619, 14.1479416],
            [121.5136658, 14.1476503],
            [121.5137784, 14.1473642],
            [121.5137945, 14.1471978],
            [121.5137248, 14.1470313],
            [121.5136926, 14.1469013],
            [121.5137463, 14.1467244],
            [121.5138857, 14.1465787],
            [121.5139501, 14.1463603],
            [121.5139877, 14.1461782],
            [121.5139394, 14.1460014],
            [121.5138375, 14.1458661],
            [121.513698, 14.1456892],
            [121.5136712, 14.1455332],
            [121.5135531, 14.14545],
            [121.5134244, 14.1454188],
            [121.5132366, 14.1453355],
            [121.5131347, 14.1452939],
            [121.5130972, 14.1452315],
            [121.5130435, 14.1451951],
            [121.513006, 14.1451483],
            [121.5129577, 14.1450286],
            [121.5129577, 14.1449194],
            [121.5130542, 14.1448518],
            [121.5132474, 14.1447113],
            [121.5133922, 14.1446229],
            [121.5135639, 14.1445032],
            [121.5135907, 14.1444044],
            [121.5138106, 14.1443056],
            [121.513872, 14.1442367],
            [121.5138437, 14.1441303],
            [121.5137198, 14.1439793],
            [121.5136066, 14.1437459],
            [121.5135464, 14.1435125],
            [121.5134791, 14.1434439],
            [121.51338, 14.143365],
            [121.513196, 14.143286],
            [121.5130898, 14.1431899],
            [121.5130898, 14.1430458],
            [121.51315, 14.1428502],
            [121.5132562, 14.1426202],
            [121.5134154, 14.1424487],
            [121.5135004, 14.1422359],
            [121.5135995, 14.1420505],
            [121.5136207, 14.1418789],
            [121.5136136, 14.141673],
            [121.5136667, 14.1416044],
            [121.5137658, 14.141625],
            [121.5140348, 14.1416765],
            [121.5142436, 14.1417863],
            [121.5143675, 14.1419304],
            [121.5144914, 14.1419716],
            [121.5146188, 14.1420128],
            [121.5146896, 14.1420162],
            [121.514771, 14.1419064],
            [121.514771, 14.141776],
            [121.5147674, 14.1413985],
            [121.5147356, 14.1411617],
            [121.5146648, 14.1410244],
            [121.5145621, 14.140894],
            [121.5145338, 14.1407739],
            [121.5145055, 14.1406572],
            [121.5145197, 14.1405988],
            [121.5145869, 14.1405817],
            [121.5147603, 14.1404787],
            [121.5150576, 14.1402968],
            [121.5153974, 14.1400978],
            [121.5158327, 14.1397923],
            [121.5160415, 14.1397237],
            [121.5162787, 14.1396894],
            [121.5163565, 14.1391197],
            [121.5163636, 14.1388314],
            [121.5163494, 14.1387215],
            [121.5163176, 14.1385843],
            [121.5162857, 14.1385019],
            [121.516222, 14.1384436],
            [121.516084, 14.1383749],
            [121.5159389, 14.1382994],
            [121.515769, 14.1382582],
            [121.5156097, 14.1382239],
            [121.5155283, 14.1381724],
            [121.5154717, 14.1380798],
            [121.5154646, 14.1379734],
            [121.5155106, 14.137891],
            [121.5156168, 14.1378327],
            [121.5158009, 14.137788],
            [121.5159672, 14.1377022],
            [121.5161088, 14.1376576],
            [121.5162362, 14.1375512],
            [121.5163844, 14.1373599],
            [121.5164662, 14.1372355],
            [121.5165547, 14.1371566],
            [121.516622, 14.1371051],
            [121.516668, 14.1369815],
            [121.516603, 14.1369274],
            [121.5165665, 14.1368775],
            [121.5165345, 14.1367805],
            [121.5166071, 14.1366978],
            [121.5166579, 14.1366983],
            [121.516762, 14.1366514],
            [121.5169103, 14.1366151],
            [121.5170077, 14.1364702],
            [121.5170679, 14.1363706],
            [121.5171068, 14.1361681],
            [121.5171169, 14.1359066],
            [121.5171463, 14.1358395],
            [121.5172007, 14.1355739],
            [121.5172146, 14.1354839],
            [121.5172086, 14.1353393],
            [121.5172416, 14.1351244],
            [121.5171805, 14.1348842],
            [121.5171134, 14.1347686],
            [121.5170077, 14.1346718],
            [121.5169054, 14.13474],
            [121.5168574, 14.1349262],
            [121.5166515, 14.1348345],
            [121.5164237, 14.1347221],
            [121.5163149, 14.1345981],
            [121.5163092, 14.1343918],
            [121.5163357, 14.13411],
            [121.5164858, 14.1338881],
            [121.5166385, 14.1337156],
            [121.516716, 14.1336037],
            [121.5167532, 14.1335457],
            [121.5167644, 14.1333961],
            [121.5167628, 14.1332573],
            [121.5167337, 14.1331308],
            [121.5167645, 14.1330119],
            [121.5166641, 14.1328035],
            [121.5166524, 14.1326429],
            [121.5165808, 14.1325561],
            [121.5165617, 14.1324785],
            [121.5165979, 14.1324161],
            [121.5166276, 14.132365],
            [121.5166573, 14.1323139],
            [121.5166998, 14.1322384],
            [121.5166927, 14.1321423],
            [121.5173158, 14.1320837],
            [121.517356, 14.1319407],
            [121.5174553, 14.1316858],
            [121.5172112, 14.1314673],
            [121.5169483, 14.1313866],
            [121.5168089, 14.1309913],
            [121.517171, 14.1306063],
            [121.5172595, 14.1297766],
            [121.5168518, 14.1291315],
            [121.5166587, 14.1283434],
            [121.5170073, 14.1277686],
            [121.5166157, 14.1268842],
            [121.5172648, 14.1262235],
            [121.5178925, 14.1257345],
            [121.51728, 14.1251026],
            [121.516943, 14.1219265],
            [121.516149, 14.1190132],
            [121.515634, 14.1158085],
            [121.5176493, 14.096191],
            [121.517853, 14.093269],
            [121.5164013, 14.087213],
            [121.5097763, 14.081809],
            [121.5049197, 14.0747218],
            [121.5012062, 14.0723617],
            [121.4987695, 14.0703846],
            [121.4922103, 14.0678563],
            [121.4878516, 14.0687889],
            [121.4839889, 14.0676109],
            [121.4802869, 14.0650582],
            [121.4801049, 14.0617091],
            [121.4826353, 14.0599677],
            [121.4824302, 14.0597373],
            [121.4811613, 14.0583117],
            [121.4788701, 14.0582344],
            [121.4774043, 14.0588357],
            [121.4714534, 14.0596654],
            [121.4591433, 14.0613818],
            [121.454206, 14.0618587],
            [121.4429853, 14.0635828],
            [121.4354683, 14.0628978],
            [121.4309128, 14.0634042],
            [121.4262345, 14.0543605],
            [121.4267238, 14.0518083],
            [121.4203618, 14.0448585],
            [121.4063585, 14.0359787],
            [121.4050213, 14.035862],
            [121.4050274, 14.0367272],
            [121.402878, 14.0363529],
            [121.4022359, 14.0354415],
            [121.3988351, 14.0343966],
            [121.3928088, 14.0336281],
            [121.389957, 14.0302931],
            [121.3801656, 14.0220184],
            [121.3784237, 14.0234631],
            [121.3762187, 14.0231406],
            [121.375452, 14.022671],
            [121.3735807, 14.0221787],
            [121.3696323, 14.0207344],
            [121.3648899, 14.0187377],
            [121.3594093, 14.0172328],
            [121.3538247, 14.0131443],
            [121.3508053, 14.0119036],
            [121.3497408, 14.0101603],
            [121.3475332, 14.0087227],
            [121.3478458, 14.0079729],
            [121.3473469, 14.0075409],
            [121.3469462, 14.00661],
            [121.345975, 14.0059235],
            [121.3443442, 14.005632],
            [121.3430138, 14.0049033],
            [121.3418307, 14.0046647],
            [121.3400313, 14.0031923],
            [121.3387585, 14.0018154],
            [121.3382382, 14.0013079],
            [121.3380719, 14.0009721],
            [121.3378402, 14.0006712],
            [121.3377982, 14.0003476],
            [121.3377741, 13.9998895],
            [121.3377822, 13.9995486],
            [121.3377098, 13.9991999],
            [121.3375944, 13.9988069],
            [121.3373235, 13.9977424],
            [121.337176, 13.9976331],
            [121.336956, 13.9975733],
            [121.33669, 13.9973639],
            [121.3363008, 13.9963855],
            [121.3362104, 13.9958061],
            [121.3356282, 13.9952059],
            [121.3350126, 13.9947108],
            [121.3344498, 13.9944156],
            [121.334129, 13.994157],
            [121.3338962, 13.993698],
            [121.3337649, 13.993439],
            [121.3335895, 13.9930931],
            [121.333433, 13.9928782],
            [121.3331647, 13.9927038],
            [121.3327495, 13.992632],
            [121.3325712, 13.9924349],
            [121.3325747, 13.9922379],
            [121.3325283, 13.9920583],
            [121.3324815, 13.9920348],
            [121.3323582, 13.9920141],
            [121.3321503, 13.9920439],
            [121.3320283, 13.9919856],
            [121.3317968, 13.991776],
            [121.3315795, 13.9915932],
            [121.3311933, 13.9911222],
            [121.3311356, 13.9909262],
            [121.3311748, 13.9907557],
            [121.3313546, 13.9905456],
            [121.3311356, 13.9902626],
            [121.3310713, 13.9899607],
            [121.3311061, 13.9896119],
            [121.331141, 13.9892345],
            [121.331087, 13.9887009],
            [121.3308862, 13.9878889],
            [121.3303953, 13.9872461],
            [121.3302183, 13.9869598],
            [121.3301364, 13.9867336],
            [121.3298643, 13.9863299],
            [121.329588, 13.9860671],
            [121.3292628, 13.9857595],
            [121.3289635, 13.9856174],
            [121.3284239, 13.9855726],
            [121.3281202, 13.9855327],
            [121.3275772, 13.9852737],
            [121.3272135, 13.9851142],
            [121.3267693, 13.9852433],
            [121.3263847, 13.9854396],
            [121.3260032, 13.9854216],
            [121.3257087, 13.9853567],
            [121.3253161, 13.9851178],
            [121.3247456, 13.9845319],
            [121.3240271, 13.984155],
            [121.3239283, 13.9841881],
            [121.3219282, 13.9852404],
            [121.3122662, 13.9810582],
            [121.3072908, 13.9811453],
            [121.3062715, 13.9813067],
            [121.3056385, 13.9810204],
            [121.3057378, 13.9807757],
            [121.3049358, 13.9804426],
            [121.3049573, 13.9799793],
            [121.3022107, 13.9781417],
            [121.3008081, 13.9764531],
            [121.3001777, 13.9763225],
            [121.2972644, 13.974907],
            [121.2965566, 13.9754296],
            [121.29515, 13.9749976],
            [121.2951726, 13.9721656],
            [121.2945197, 13.9722451],
            [121.293861, 13.9722463],
            [121.293177, 13.9723427],
            [121.2927452, 13.9723244],
            [121.2921497, 13.9722984],
            [121.2916401, 13.9723921],
            [121.2914792, 13.9727123],
            [121.2911761, 13.9729543],
            [121.290696, 13.9730272],
            [121.2902266, 13.972871],
            [121.289894, 13.9729387],
            [121.2894407, 13.9734645],
            [121.2883452, 13.9739341],
            [121.2881774, 13.9741777],
            [121.2879789, 13.9742844],
            [121.2873727, 13.9740787],
            [121.2869543, 13.9741412],
            [121.2868121, 13.9742167],
            [121.2867638, 13.9743468],
            [121.286729, 13.9745134],
            [121.2866968, 13.9749195],
            [121.286548, 13.9750267],
            [121.2862891, 13.9749911],
            [121.2860101, 13.9748622],
            [121.2855434, 13.9749507],
            [121.2851518, 13.9748908],
            [121.2846181, 13.9746878],
            [121.2838885, 13.9741959],
            [121.2835103, 13.9737846],
            [121.2832904, 13.9737898],
            [121.2831724, 13.9740449],
            [121.2829658, 13.9741542],
            [121.2821531, 13.9738965],
            [121.2816381, 13.973579],
            [121.2812707, 13.9730662],
            [121.2809649, 13.9728789],
            [121.2807208, 13.9729335],
            [121.2802783, 13.9732875],
            [121.2795112, 13.9738133],
            [121.2790149, 13.9742688],
            [121.2786797, 13.9742922],
            [121.2783766, 13.9743859],
            [121.2780789, 13.9742297],
            [121.2781566, 13.9739018],
            [121.277875, 13.9736259],
            [121.2773734, 13.9737664],
            [121.2769791, 13.9736597],
            [121.2767994, 13.9734228],
            [121.2762952, 13.9728086],
            [121.2760913, 13.9727487],
            [121.2757614, 13.9726524],
            [121.2755399, 13.9726069],
            [121.2753001, 13.9723557],
            [121.2750453, 13.9719131],
            [121.2746, 13.9717388],
            [121.2744096, 13.97158],
            [121.27432, 13.9712563],
            [121.2740845, 13.9706147],
            [121.2738999, 13.9705206],
            [121.2736372, 13.9704765],
            [121.2734467, 13.9704504],
            [121.2733018, 13.9704478],
            [121.2730953, 13.9704556],
            [121.2730068, 13.9704139],
            [121.2728888, 13.9703411],
            [121.2727627, 13.9702812],
            [121.272634, 13.9703072],
            [121.2724838, 13.9703931],
            [121.2723362, 13.9704556],
            [121.272119, 13.9704139],
            [121.2719795, 13.9703254],
            [121.2718508, 13.9701354],
            [121.2717622, 13.9698725],
            [121.2716979, 13.969719],
            [121.271581, 13.9696709],
            [121.2713143, 13.969771],
            [121.2710702, 13.9698205],
            [121.2708682, 13.9697954],
            [121.2707806, 13.9696799],
            [121.2707779, 13.9695211],
            [121.2707993, 13.9694066],
            [121.2707698, 13.9692843],
            [121.2705848, 13.9691073],
            [121.2704158, 13.9689511],
            [121.2703702, 13.9687793],
            [121.2704024, 13.9684956],
            [121.2703675, 13.9683941],
            [121.2702522, 13.9683212],
            [121.2700617, 13.9681729],
            [121.2699705, 13.9680479],
            [121.27, 13.9678839],
            [121.2699679, 13.967772],
            [121.2697425, 13.9676497],
            [121.269528, 13.967595],
            [121.2694368, 13.9674935],
            [121.2693858, 13.9672957],
            [121.2692732, 13.9671291],
            [121.2691149, 13.9670224],
            [121.2688601, 13.9669339],
            [121.2684822, 13.966778],
            [121.2672669, 13.9668037],
            [121.2667358, 13.966835],
            [121.2663066, 13.9669287],
            [121.2660009, 13.9669859],
            [121.2651855, 13.967569],
            [121.2649655, 13.9677876],
            [121.2648529, 13.967975],
            [121.2647078, 13.9680471],
            [121.2645444, 13.9680375],
            [121.2642762, 13.9680922],
            [121.2641233, 13.9681833],
            [121.2639651, 13.9682353],
            [121.263831, 13.9682197],
            [121.2636781, 13.9681702],
            [121.2635386, 13.9681676],
            [121.2634152, 13.9682301],
            [121.2632596, 13.9684748],
            [121.2630799, 13.9686778],
            [121.262887, 13.9687551],
            [121.2626964, 13.9687247],
            [121.262581, 13.968644],
            [121.2623396, 13.9686414],
            [121.2621573, 13.9687429],
            [121.2619829, 13.9687299],
            [121.2617737, 13.9686726],
            [121.2609619, 13.9686724],
            [121.2608403, 13.9686023],
            [121.2608081, 13.9684852],
            [121.2608349, 13.9681468],
            [121.2607518, 13.9678995],
            [121.2606579, 13.967746],
            [121.2604272, 13.9676887],
            [121.2601671, 13.9676757],
            [121.2597164, 13.9677017],
            [121.2592202, 13.9677746],
            [121.2579435, 13.967746],
            [121.2568171, 13.9673424],
            [121.2562701, 13.9739803],
            [121.2600508, 13.9810571],
            [121.2602898, 13.9854018],
            [121.2599205, 13.9903341],
            [121.2578092, 13.989951],
            [121.2571659, 13.9898343],
            [121.2561664, 13.9896525],
            [121.2555526, 13.9890759],
            [121.2546349, 13.9884276],
            [121.2534665, 13.9884721],
            [121.2518645, 13.9887531],
            [121.2508675, 13.9891371],
            [121.2459225, 13.9916491],
            [121.2457843, 13.9917338],
            [121.2444995, 13.9925211],
            [121.2438885, 13.9907151],
            [121.2433525, 13.9901611],
            [121.2418215, 13.9903721],
            [121.24021, 13.9901215],
            [121.2395385, 13.9892651],
            [121.2380388, 13.9865954],
            [121.2379915, 13.9839881],
            [121.2372095, 13.9821981],
            [121.2367745, 13.9820441],
            [121.2346015, 13.9819451],
            [121.2332475, 13.9821561],
            [121.2319705, 13.9841391],
            [121.2296305, 13.9882091],
            [121.228895, 13.9899242],
            [121.2284275, 13.9910261],
            [121.2277495, 13.9906101],
            [121.2267155, 13.9904741],
            [121.2255755, 13.9905801],
            [121.2237175, 13.9886041],
            [121.2229715, 13.9893351],
            [121.2217305, 13.9913871],
            [121.2211655, 13.9933001],
            [121.2208155, 13.9954891],
            [121.2209285, 13.9977471],
            [121.2214335, 13.9997961],
            [121.2217979, 14.0028745],
            [121.2264107, 14.0113567],
            [121.2254824, 14.0160066],
            [121.22403, 14.0183496],
            [121.223567, 14.0190479],
            [121.2218191, 14.0204084],
            [121.221267, 14.021016],
            [121.2212992, 14.0215416],
            [121.221149, 14.0219684],
            [121.2203957, 14.0225445],
            [121.2174145, 14.0241822],
            [121.2161183, 14.0267707],
            [121.2142402, 14.0316367],
            [121.2119693, 14.03573],
            [121.2109043, 14.0382321],
            [121.2108542, 14.0392019],
            [121.2107187, 14.0418238],
            [121.2098519, 14.0489883],
            [121.2103509, 14.0535256],
            [121.209847, 14.0577882],
            [121.2093506, 14.0590705],
            [121.2090431, 14.0598267],
            [121.2108245, 14.0606968],
            [121.2096909, 14.0633327],
            [121.2094883, 14.0638047],
            [121.2100902, 14.0640146],
            [121.210624, 14.064452],
            [121.209932, 14.064949],
            [121.2093436, 14.0652605],
            [121.2093746, 14.0665302],
            [121.2094038, 14.0678233],
            [121.2093794, 14.068862],
            [121.2102377, 14.0700328],
            [121.2111711, 14.0713961],
            [121.2124371, 14.0737897],
            [121.2131399, 14.0753351],
            [121.213848, 14.0765787],
            [121.2156364, 14.0794133],
            [121.2168718, 14.0814602],
            [121.2174576, 14.0824056],
            [121.2170559, 14.082422],
            [121.2168027, 14.0824805],
            [121.216482, 14.0825833],
            [121.2162942, 14.0828174],
            [121.2161011, 14.0832129],
            [121.2156988, 14.0834418],
            [121.214996, 14.08378],
            [121.2145937, 14.0838737],
            [121.214422, 14.0838372],
            [121.2142504, 14.0838008],
            [121.2140251, 14.0838268],
            [121.2137461, 14.0839049],
            [121.2136281, 14.0840246],
            [121.2136013, 14.0841494],
            [121.2133652, 14.0843003],
            [121.2128181, 14.0844928],
            [121.2125391, 14.0846593],
            [121.2123675, 14.0849247],
            [121.2116057, 14.0854294],
            [121.2111015, 14.0855959],
            [121.2103397, 14.0858561],
            [121.2101161, 14.0861244],
            [121.2099857, 14.0863816],
            [121.2096638, 14.0869071],
            [121.2096531, 14.0872453],
            [121.2095295, 14.0876304],
            [121.2094544, 14.0881403],
            [121.2095403, 14.0885253],
            [121.2095617, 14.0888999],
            [121.2095617, 14.0892173],
            [121.2095939, 14.0894358],
            [121.2094652, 14.0896439],
            [121.2092023, 14.0898104],
            [121.2090092, 14.090107],
            [121.2091111, 14.0905181],
            [121.2092184, 14.0909655],
            [121.2092184, 14.0911996],
            [121.2090092, 14.0914702],
            [121.2088912, 14.0917512],
            [121.2090038, 14.0919957],
            [121.2093954, 14.0922611],
            [121.2096315, 14.092594],
            [121.2098353, 14.0929895],
            [121.2100606, 14.0933433],
            [121.2100821, 14.093619],
            [121.2100123, 14.0940977],
            [121.2102001, 14.0945295],
            [121.2103288, 14.0949094],
            [121.2105381, 14.0951955],
            [121.2107902, 14.0955233],
            [121.2111711, 14.0956326],
            [121.21145, 14.0959135],
            [121.2116539, 14.0962517],
            [121.2120937, 14.0966469],
            [121.2125873, 14.0971515],
            [121.2130003, 14.0976302],
            [121.213113, 14.0978643],
            [121.2132628, 14.0981121],
            [121.2133996, 14.0985285],
            [121.2134593, 14.0988677],
            [121.2134578, 14.099295],
            [121.2134876, 14.0994563],
            [121.2133747, 14.0994882],
            [121.2132705, 14.0995991],
            [121.2130719, 14.0999037],
            [121.2128317, 14.1002083],
            [121.2128179, 14.1007235],
            [121.2125915, 14.100822],
            [121.2125084, 14.1011535],
            [121.2122959, 14.1017986],
            [121.2121574, 14.1021301],
            [121.2123375, 14.1023719],
            [121.21255, 14.1024615],
            [121.2126424, 14.1025959],
            [121.2124668, 14.1030125],
            [121.2123837, 14.1033709],
            [121.2124946, 14.1036352],
            [121.2125731, 14.1040339],
            [121.2126516, 14.1043474],
            [121.2127347, 14.104558],
            [121.2126701, 14.1047551],
            [121.2124068, 14.1048626],
            [121.2121158, 14.1050059],
            [121.2121897, 14.1051985],
            [121.2121528, 14.1054942],
            [121.2119726, 14.1057047],
            [121.2118572, 14.1059735],
            [121.2119034, 14.1062333],
            [121.2116124, 14.1064528],
            [121.2116031, 14.106632],
            [121.2116724, 14.1069231],
            [121.2116401, 14.1071561],
            [121.211617, 14.1073263],
            [121.2115523, 14.1074248],
            [121.2114867, 14.1076764],
            [121.2114493, 14.1080965],
            [121.2113477, 14.1084596],
            [121.2111445, 14.1087708],
            [121.2107648, 14.1090353],
            [121.2105616, 14.1091753],
            [121.2100535, 14.1094865],
            [121.2097846, 14.1108712],
            [121.2095013, 14.1123123],
            [121.2094414, 14.1129277],
            [121.1992461, 14.1226859],
            [121.1978708, 14.1240023],
            [121.1945877, 14.1287888],
            [121.1920926, 14.1328796],
            [121.181663, 14.1353303],
            [121.1760325, 14.1363855],
            [121.1713354, 14.137703],
            [121.167186, 14.139179],
            [121.1647764, 14.1400574],
            [121.1643956, 14.1402191],
            [121.1640823, 14.1406384],
            [121.1638516, 14.140836],
            [121.1635485, 14.1407736],
            [121.1633366, 14.1406436],
            [121.163224, 14.1407476],
            [121.1629799, 14.1408568],
            [121.1626795, 14.1408776],
            [121.1625373, 14.140888],
            [121.1622289, 14.1410103],
            [121.1620425, 14.1411],
            [121.1619574, 14.1411618],
            [121.1617954, 14.1412863],
            [121.1615916, 14.1412551],
            [121.161377, 14.1411355],
            [121.1612402, 14.1410418],
            [121.1611517, 14.1410054],
            [121.1610471, 14.1410314],
            [121.1608754, 14.1411485],
            [121.1607285, 14.1411547],
            [121.1606394, 14.1410912],
            [121.1606072, 14.1409976],
            [121.1603926, 14.1405945],
            [121.160339, 14.1405711],
            [121.1602102, 14.1405815],
            [121.160119, 14.1406985],
            [121.1599996, 14.140863],
            [121.1597301, 14.1409586],
            [121.1595048, 14.140995],
            [121.1591132, 14.140969],
            [121.1587202, 14.1412604],
            [121.1579231, 14.1412185],
            [121.1577828, 14.1411745],
            [121.1577319, 14.141099],
            [121.157614, 14.1409406],
            [121.1574476, 14.1409144],
            [121.1572813, 14.1409638],
            [121.1570908, 14.14093],
            [121.156769, 14.140904],
            [121.1564444, 14.1410626],
            [121.1561771, 14.1412679],
            [121.1559745, 14.1415836],
            [121.1557497, 14.1419504],
            [121.1554032, 14.1421987],
            [121.1549916, 14.1424511],
            [121.1545309, 14.1426931],
            [121.1541474, 14.1424148],
            [121.1537045, 14.1423406],
            [121.1531388, 14.1424433],
            [121.1526454, 14.1422951],
            [121.1523571, 14.1420741],
            [121.1520957, 14.1420936],
            [121.151479, 14.1423146],
            [121.1509494, 14.1425434],
            [121.1504735, 14.1424706],
            [121.1501718, 14.1425876],
            [121.1496883, 14.1427012],
            [121.1488437, 14.1425192],
            [121.1480929, 14.1425907],
            [121.1473561, 14.1427086],
            [121.1467661, 14.1428958],
            [121.1463476, 14.1432132],
            [121.1461223, 14.1433796],
            [121.1458874, 14.1434727],
            [121.1456878, 14.143468],
            [121.1454357, 14.1433796],
            [121.1452426, 14.1434472],
            [121.1448885, 14.1434628],
            [121.1445559, 14.1434524],
            [121.1443199, 14.1433224],
            [121.1440302, 14.1433328],
            [121.1436171, 14.1434784],
            [121.1431826, 14.1436137],
            [121.1429841, 14.1436293],
            [121.1427964, 14.1435669],
            [121.1425603, 14.1436501],
            [121.1423673, 14.1438061],
            [121.1420615, 14.1440246],
            [121.1418576, 14.1441286],
            [121.1416699, 14.1441234],
            [121.1415411, 14.1439674],
            [121.1414177, 14.1438165],
            [121.1412675, 14.1437333],
            [121.1410797, 14.1436761],
            [121.1408223, 14.1437593],
            [121.1407633, 14.1439674],
            [121.1407257, 14.1441859],
            [121.1406828, 14.1442899],
            [121.1405916, 14.1443419],
            [121.1405058, 14.1443055],
            [121.1404629, 14.1441287],
            [121.1404629, 14.1438582],
            [121.1404261, 14.143603],
            [121.1403341, 14.1435201],
            [121.1401625, 14.1435461],
            [121.1400509, 14.1437895],
            [121.1400498, 14.1440246],
            [121.1400015, 14.1442431],
            [121.1398942, 14.1443732],
            [121.1396582, 14.144394],
            [121.1392773, 14.1442795],
            [121.138934, 14.1440975],
            [121.1387623, 14.144061],
            [121.1386282, 14.1440871],
            [121.1385478, 14.1441911],
            [121.1385124, 14.1443188],
            [121.1384995, 14.1444044],
            [121.1384676, 14.144452],
            [121.1384, 14.1445383],
            [121.1382956, 14.1445409],
            [121.1381401, 14.1444876],
            [121.137904, 14.1443419],
            [121.1377056, 14.1442275],
            [121.1375017, 14.1441755],
            [121.1371906, 14.1441755],
            [121.1369814, 14.1442847],
            [121.1368043, 14.144394],
            [121.1366649, 14.1443627],
            [121.1364986, 14.1442015],
            [121.1363752, 14.1438946],
            [121.1362035, 14.1435392],
            [121.1360983, 14.1433135],
            [121.136155, 14.1429749],
            [121.1359997, 14.1427762],
            [121.1355437, 14.1423132],
            [121.135372, 14.1421416],
            [121.1349643, 14.1420063],
            [121.134562, 14.1420323],
            [121.1342401, 14.1420219],
            [121.1339451, 14.1419491],
            [121.1337386, 14.1417555],
            [121.1335536, 14.1417246],
            [121.1334249, 14.1417377],
            [121.1332752, 14.1418756],
            [121.1330097, 14.1421838],
            [121.1327793, 14.1423765],
            [121.1324397, 14.1423854],
            [121.132218, 14.1424087],
            [121.1319832, 14.1424359],
            [121.1318436, 14.1423525],
            [121.1316438, 14.1423705],
            [121.1314721, 14.1424849],
            [121.131397, 14.1426878],
            [121.1312522, 14.1428178],
            [121.1310751, 14.1428282],
            [121.1307451, 14.1428198],
            [121.1306208, 14.1429008],
            [121.1305922, 14.1432426],
            [121.130516, 14.14388],
            [121.1305351, 14.1441663],
            [121.1304112, 14.1443141],
            [121.1301874, 14.1443511],
            [121.1300731, 14.1444527],
            [121.1301493, 14.1446005],
            [121.1303288, 14.1447439],
            [121.130347, 14.1448266],
            [121.1301763, 14.1449153],
            [121.1300056, 14.1449389],
            [121.1297557, 14.1451104],
            [121.1295758, 14.145341],
            [121.1294783, 14.1456011],
            [121.1294966, 14.1459617],
            [121.1294661, 14.1461331],
            [121.1292832, 14.1462455],
            [121.1290698, 14.1464051],
            [121.12896, 14.146612],
            [121.1288625, 14.1469076],
            [121.1286918, 14.1471263],
            [121.12844, 14.1473362],
            [121.1280116, 14.1463762],
            [121.1276898, 14.14583],
            [121.1273679, 14.1453982],
            [121.1271688, 14.1452584],
            [121.1267824, 14.1449515],
            [121.1265997, 14.1447896],
            [121.1264564, 14.1447529],
            [121.1254822, 14.1443889],
            [121.1246706, 14.1439004],
            [121.1237198, 14.1439117],
            [121.1226528, 14.1442799],
            [121.1211471, 14.1446734],
            [121.1198248, 14.1450924],
            [121.1188952, 14.1452955],
            [121.1182405, 14.145232],
            [121.1175026, 14.1451226],
            [121.1165123, 14.144775],
            [121.1155517, 14.1464423],
            [121.1153639, 14.1467683],
            [121.115762, 14.1469928],
            [121.1156023, 14.1475035],
            [121.1163178, 14.1480436],
            [121.1147641, 14.1504397],
            [121.1127347, 14.1511446],
            [121.1120841, 14.1513283],
            [121.1111568, 14.1515486],
            [121.1103299, 14.1518027],
            [121.110256, 14.1526753],
            [121.1092552, 14.1522816],
            [121.108627, 14.1520344],
            [121.1059704, 14.1530307],
            [121.1030437, 14.1541282],
            [121.1029239, 14.1545032],
            [121.1035663, 14.1547752],
            [121.1034217, 14.1548423],
            [121.0998142, 14.1557724],
            [121.0983419, 14.1561022],
            [121.0964941, 14.1562672],
            [121.0951331, 14.15619],
            [121.0906577, 14.1560518],
            [121.0872336, 14.1558754],
            [121.0850995, 14.1557811],
            [121.0826865, 14.1555464],
            [121.0792115, 14.1551944],
            [121.0731701, 14.1545748],
            [121.0726368, 14.1545964],
            [121.0713406, 14.154615],
            [121.0697609, 14.1544803],
            [121.069806, 14.1542298],
            [121.068597, 14.1541564],
            [121.0638207, 14.1536544],
            [121.0639002, 14.153504],
            [121.0634199, 14.1534196],
            [121.0633653, 14.1537212],
            [121.0601892, 14.1534688],
            [121.0576959, 14.1532306],
            [121.0543696, 14.1526623],
            [121.0521912, 14.151906],
            [121.05005, 14.1512894],
            [121.0498374, 14.1512282],
            [121.0497949, 14.1523008],
            [121.0490645, 14.1541367],
            [121.0478016, 14.1531093],
            [121.0477172, 14.153511],
            [121.0474388, 14.1543849],
            [121.0472988, 14.1548243],
            [121.0462344, 14.1565236],
            [121.0459645, 14.1569545],
            [121.0451479, 14.1564752],
            [121.044783, 14.1562707],
            [121.0447352, 14.1562439],
            [121.0442843, 14.1560491],
            [121.0436941, 14.1558013],
            [121.0436644, 14.155778],
            [121.0433296, 14.1555148],
            [121.0432801, 14.1554759],
            [121.04321, 14.1554089],
            [121.0431017, 14.1553053],
            [121.0427285, 14.1549482],
            [121.0426158, 14.1547959],
            [121.0423002, 14.1543697],
            [121.0421277, 14.1541368],
            [121.041971, 14.1538944],
            [121.0417253, 14.1533995],
            [121.0416204, 14.1530468],
            [121.0407182, 14.1520961],
            [121.0390484, 14.1512167],
            [121.0393266, 14.1521585],
            [121.038807, 14.1523765],
            [121.0374875, 14.1522861],
            [121.0376576, 14.1533283],
            [121.0373347, 14.1538297],
            [121.0353361, 14.1534886],
            [121.0341828, 14.1533128],
            [121.0325223, 14.1538169],
            [121.0312956, 14.1537413],
            [121.030207, 14.1547062],
            [121.0294251, 14.154496],
            [121.0283811, 14.1539558],
            [121.0279132, 14.1532056],
            [121.0280019, 14.1522042],
            [121.0271997, 14.1519197],
            [121.0263198, 14.1523808],
            [121.0250553, 14.1539348],
            [121.0237849, 14.1558072],
            [121.0236952, 14.1563856],
            [121.0236158, 14.1568303],
            [121.0235505, 14.1571923],
            [121.0233078, 14.1574819],
            [121.0233078, 14.157853],
            [121.0237745, 14.1584051],
            [121.0232984, 14.158749],
            [121.0232891, 14.1590024],
            [121.0234571, 14.1594821],
            [121.0234385, 14.1598079],
            [121.0235225, 14.1600432],
            [121.0238865, 14.1602694],
            [121.0239892, 14.16055],
            [121.0240545, 14.1610659],
            [121.0239145, 14.1615455],
            [121.0237745, 14.161998],
            [121.0236625, 14.1623329],
            [121.0233078, 14.1626225],
            [121.0228691, 14.1633284],
            [121.0225704, 14.1638714],
            [121.0223931, 14.1642968],
            [121.0219077, 14.1645321],
            [121.0215157, 14.1645683],
            [121.021301, 14.1651022],
            [121.0211143, 14.1656271],
            [121.020853, 14.1660253],
            [121.0201529, 14.1664507],
            [121.0198916, 14.1667946]
          ]
        ]
      }
    }
  ]
}
